Player,Nation,Pos,Age,90s,Gls,Sh,SoT,SoT%,Sh/90,SoT/90,G/Sh,G/SoT,Dist,FK,PK,PKatt,xG,npxG,npxG/Sh,G-xG,np:G-xG,Team
0,William Saliba,fr FRA,DF,23-001,28.0,2,8,2,25.0,0.29,0.07,0.25,1.0,11.0,0,0,0,1.5,1.5,0.19,0.5,0.5,Arsenal
1,Declan Rice,eng ENG,MF,25-071,26.6,6,40,14,35.0,1.51,0.53,0.15,0.43,20.9,2,0,0,2.2,2.2,0.06,3.8,3.8,Arsenal
2,Bukayo Saka,eng ENG,FW,22-202,25.1,13,77,24,31.2,3.06,0.95,0.12,0.38,16.9,0,4,4,11.5,8.4,0.11,1.5,0.6,Arsenal
3,Martin Ødegaard,no NOR,MF,25-099,24.5,6,53,16,30.2,2.16,0.65,0.08,0.25,20.8,2,2,2,5.6,4.0,0.07,0.4,0.0,Arsenal
4,Ben White,eng ENG,DF,26-169,23.7,2,8,4,50.0,0.34,0.17,0.25,0.5,13.7,0,0,0,0.7,0.7,0.09,1.3,1.3,Arsenal
5,Gabriel Dos Santos,br BRA,DF,26-097,24.2,4,23,9,39.1,0.95,0.37,0.17,0.44,7.6,0,0,0,3.3,3.3,0.14,0.7,0.7,Arsenal
6,Gabriel Martinelli,br BRA,FW,22-281,19.4,6,49,15,30.6,2.52,0.77,0.12,0.4,15.7,0,0,0,5.6,5.6,0.11,0.4,0.4,Arsenal
7,David Raya,es ESP,GK,28-192,22.0,0,0,0,,0.0,0.0,,,,0,0,0,0.0,0.0,,0.0,0.0,Arsenal
8,Kai Havertz,de GER,"MF,FW",24-288,19.8,8,39,12,30.8,1.97,0.61,0.18,0.58,12.6,0,1,1,7.8,7.0,0.18,0.2,0.0,Arsenal
9,Oleksandr Zinchenko,ua UKR,DF,27-101,16.0,1,15,3,20.0,0.94,0.19,0.07,0.33,22.4,0,0,0,0.5,0.5,0.03,0.5,0.5,Arsenal
10,Gabriel Jesus,br BRA,FW,26-357,12.7,4,42,17,40.5,3.31,1.34,0.1,0.24,11.6,0,0,0,5.4,5.4,0.13,-1.4,-1.4,Arsenal
11,Eddie Nketiah,eng ENG,FW,24-300,11.7,5,36,11,30.6,3.08,0.94,0.14,0.45,12.6,0,0,0,4.4,4.4,0.12,0.6,0.6,Arsenal
12,Leandro Trossard,be BEL,"FW,MF",29-112,11.3,7,40,14,35.0,3.53,1.24,0.18,0.5,16.3,0,0,0,5.3,5.3,0.13,1.7,1.7,Arsenal
13,Jakub Kiwior,pl POL,DF,24-039,8.8,1,6,2,33.3,0.69,0.23,0.17,0.5,13.8,0,0,0,0.8,0.8,0.14,0.2,0.2,Arsenal
14,Jorginho,it ITA,MF,32-096,8.1,0,4,0,0.0,0.49,0.0,0.0,,24.6,0,0,0,0.1,0.1,0.02,-0.1,-0.1,Arsenal
15,Aaron Ramsdale,eng ENG,GK,25-316,6.0,0,0,0,,0.0,0.0,,,,0,0,0,0.0,0.0,,0.0,0.0,Arsenal
16,Takehiro Tomiyasu,jp JPN,DF,25-141,7.0,1,8,2,25.0,1.14,0.28,0.13,0.5,17.8,0,0,0,0.5,0.5,0.06,0.5,0.5,Arsenal
17,Thomas Partey,gh GHA,"DF,MF",30-286,3.1,0,2,1,50.0,0.65,0.32,0.0,0.0,17.0,0,0,0,0.1,0.1,0.04,-0.1,-0.1,Arsenal
18,Fabio Vieira,pt POR,"MF,FW",23-300,3.2,1,5,1,20.0,1.57,0.31,0.0,0.0,18.3,0,1,1,1.2,0.4,0.08,-0.2,-0.4,Arsenal
19,Emile Smith Rowe,eng ENG,MF,23-241,2.6,0,10,4,40.0,3.83,1.53,0.0,0.0,15.9,0,0,0,1.5,1.5,0.15,-1.5,-1.5,Arsenal
20,Jurriën Timber,nl NED,DF,22-282,0.5,0,0,0,,0.0,0.0,,,,0,0,0,0.0,0.0,,0.0,0.0,Arsenal
21,Reiss Nelson,eng ENG,"FW,MF",24-106,2.2,0,3,1,33.3,1.39,0.46,0.0,0.0,22.3,0,0,0,0.1,0.1,0.03,-0.1,-0.1,Arsenal
22,Cédric Soares,pt POR,DF,32-207,0.7,0,0,0,,0.0,0.0,,,,0,0,0,0.0,0.0,,0.0,0.0,Arsenal
23,Mohamed Elneny,eg EGY,MF,31-258,0.3,0,2,1,50.0,6.43,3.21,0.0,0.0,25.8,0,0,0,0.1,0.1,0.04,-0.1,-0.1,Arsenal
24,Ethan Nwaneri,eng ENG,FW,17-004,0.2,0,0,0,,0.0,0.0,,,,0,0,0,0.0,0.0,,0.0,0.0,Arsenal
25,Virgil van Dijk,nl NED,DF,32-261,25.3,2,29,10,34.5,1.15,0.4,0.07,0.2,12.4,1,0,0,2.1,2.1,0.07,-0.1,-0.1,Liverpool
26,Luis Díaz,co COL,FW,27-072,20.4,6,67,22,32.8,3.28,1.08,0.09,0.27,15.5,0,0,0,8.6,8.6,0.13,-2.6,-2.6,Liverpool
27,Alexis Mac Allister,ar ARG,MF,25-092,20.1,3,23,5,21.7,1.14,0.25,0.09,0.4,25.8,0,1,1,2.0,1.2,0.05,1.0,0.8,Liverpool
28,Alisson,br BRA,GK,31-175,21.0,0,0,0,,0.0,0.0,,,,0,0,0,0.0,0.0,,0.0,0.0,Liverpool
29,Dominik Szoboszlai,hu HUN,MF,23-152,19.2,3,45,11,24.4,2.34,0.57,0.07,0.27,25.4,7,0,0,2.4,2.4,0.05,0.6,0.6,Liverpool
30,Mohamed Salah,eg EGY,FW,31-284,20.2,15,64,28,43.8,3.17,1.39,0.17,0.39,16.3,1,4,6,15.0,10.1,0.16,0.0,0.9,Liverpool
31,Trent Alexander-Arnold,eng ENG,DF,25-170,18.0,2,30,4,13.3,1.66,0.22,0.07,0.5,24.2,3,0,0,1.8,1.5,0.05,0.2,0.5,Liverpool
32,Darwin Núñez,uy URU,FW,24-275,17.5,10,85,37,43.5,4.87,2.12,0.12,0.27,15.0,0,0,1,13.5,12.7,0.15,-3.5,-2.7,Liverpool
33,Joe Gomez,eng ENG,DF,26-307,16.1,0,14,1,7.1,0.87,0.06,0.0,0.0,18.8,0,0,0,0.6,0.6,0.04,-0.6,-0.6,Liverpool
34,Ibrahima Konaté,fr FRA,DF,24-305,14.8,0,8,2,25.0,0.54,0.14,0.0,0.0,12.5,0,0,0,0.4,0.4,0.05,-0.4,-0.4,Liverpool
35,Diogo Jota,pt POR,FW,27-112,11.6,9,36,17,47.2,3.09,1.46,0.25,0.53,12.5,0,0,0,4.4,4.4,0.12,4.6,4.6,Liverpool
36,Cody Gakpo,nl NED,"FW,MF",24-323,12.9,5,41,16,39.0,3.17,1.24,0.12,0.31,16.0,0,0,0,6.0,6.0,0.15,-1.0,-1.0,Liverpool
37,Wataru Endo,jp JPN,MF,31-045,12.2,1,8,2,25.0,0.66,0.16,0.13,0.5,23.2,0,0,0,0.3,0.3,0.04,0.7,0.7,Liverpool
38,Curtis Jones,eng ENG,MF,23-055,10.6,1,15,4,26.7,1.41,0.38,0.07,0.25,17.0,0,0,0,1.8,1.8,0.12,-0.8,-0.8,Liverpool
39,Andrew Robertson,sct SCO,DF,30-014,11.8,1,4,2,50.0,0.34,0.17,0.25,0.5,8.7,0,0,0,0.7,0.7,0.18,0.3,0.3,Liverpool
40,Ryan Gravenberch,nl NED,MF,21-314,9.4,0,15,6,40.0,1.6,0.64,0.0,0.0,20.6,0,0,0,1.5,1.5,0.1,-1.5,-1.5,Liverpool
41,Joël Matip,cm CMR,DF,32-230,8.7,0,5,0,0.0,0.58,0.0,0.0,,10.6,0,0,0,0.5,0.5,0.1,-0.5,-0.5,Liverpool
42,Kostas Tsimikas,gr GRE,DF,27-318,7.5,0,3,0,0.0,0.4,0.0,0.0,,23.8,0,0,0,0.1,0.1,0.03,-0.1,-0.1,Liverpool
43,Caoimhín Kelleher,ie IRL,GK,25-123,7.0,0,0,0,,0.0,0.0,,,,0,0,0,0.0,0.0,,0.0,0.0,Liverpool
44,Harvey Elliott,eng ENG,"MF,FW",20-356,9.3,2,29,9,31.0,3.11,0.97,0.07,0.22,22.9,1,0,0,1.3,1.3,0.05,0.7,0.7,Liverpool
45,Jarell Quansah,eng ENG,DF,21-056,5.9,0,3,1,33.3,0.51,0.17,0.0,0.0,15.8,0,0,0,0.1,0.1,0.04,-0.1,-0.1,Liverpool
46,Conor Bradley,nir NIR,DF,20-260,4.9,1,8,4,50.0,1.63,0.82,0.13,0.25,17.2,0,0,0,0.7,0.7,0.09,0.3,0.3,Liverpool
47,Bobby Clark,eng ENG,MF,19-047,1.0,0,2,0,0.0,2.02,0.0,0.0,,18.7,0,0,0,0.1,0.1,0.07,-0.1,-0.1,Liverpool
48,Ben Doak,sct SCO,FW,18-135,0.2,0,0,0,,0.0,0.0,,,,0,0,0,0.0,0.0,,0.0,0.0,Liverpool
49,Jayden Danns,eng ENG,FW,18-069,0.1,0,0,0,,0.0,0.0,,,,0,0,0,0.0,0.0,,0.0,0.0,Liverpool
50,Owen Beck,wls WAL,DF,21-229,0.1,0,0,0,,0.0,0.0,,,,0,0,0,0.0,0.0,,0.0,0.0,Liverpool
51,Thiago Alcántara,es ESP,MF,32-349,0.1,0,0,0,,0.0,0.0,,,,0,0,0,0.0,0.0,,0.0,0.0,Liverpool
52,James McConnell,eng ENG,MF,19-194,0.0,0,0,0,,0.0,0.0,,,,0,0,0,0.0,0.0,,0.0,0.0,Liverpool
53,Kaide Gordon,eng ENG,FW,19-172,0.0,0,0,0,,0.0,0.0,,,,0,0,0,0.0,0.0,,0.0,0.0,Liverpool
54,Ederson,br BRA,GK,30-221,25.7,0,0,0,,0.0,0.0,,,,0,0,0,0.0,0.0,,0.0,0.0,Manchester City
55,Phil Foden,eng ENG,"FW,MF",23-302,25.7,11,85,35,41.2,3.31,1.36,0.13,0.31,18.1,1,0,0,8.5,8.5,0.1,2.5,2.5,Manchester City
56,Julián Álvarez,ar ARG,"MF,FW",24-054,24.4,8,74,29,39.2,3.03,1.19,0.09,0.24,18.6,12,1,1,9.0,8.2,0.11,-1.0,-1.2,Manchester City
57,Kyle Walker,eng ENG,DF,33-302,25.1,0,16,3,18.8,0.64,0.12,0.0,0.0,29.4,1,0,0,0.4,0.4,0.02,-0.4,-0.4,Manchester City
58,Rodri,es ESP,MF,27-277,24.1,6,51,17,33.3,2.12,0.71,0.12,0.35,20.8,0,0,0,3.3,3.3,0.06,2.7,2.7,Manchester City
59,Erling Haaland,no NOR,FW,23-248,21.4,18,87,39,44.8,4.07,1.83,0.17,0.38,11.5,1,3,4,20.9,17.8,0.21,-2.9,-2.8,Manchester City
60,Rúben Dias,pt POR,DF,26-316,21.4,0,16,7,43.8,0.75,0.33,0.0,0.0,14.2,0,0,0,1.1,1.1,0.07,-1.1,-1.1,Manchester City
61,Bernardo Silva,pt POR,"MF,FW",29-228,21.1,6,28,12,42.9,1.33,0.57,0.21,0.5,16.0,0,0,0,2.9,2.9,0.1,3.1,3.1,Manchester City
62,Nathan Aké,nl NED,DF,29-036,19.2,2,18,4,22.2,0.94,0.21,0.11,0.5,11.3,0,0,0,1.6,1.6,0.09,0.4,0.4,Manchester City
63,Manuel Akanji,ch SUI,"DF,MF",28-250,18.6,2,10,4,40.0,0.54,0.21,0.2,0.5,19.6,0,0,0,0.9,0.9,0.09,1.1,1.1,Manchester City
64,Joško Gvardiol,hr CRO,DF,22-062,16.4,0,18,7,38.9,1.1,0.43,0.0,0.0,18.4,0,0,0,1.0,1.0,0.05,-1.0,-1.0,Manchester City
65,Jeremy Doku,be BEL,"FW,MF",21-303,13.3,2,34,10,29.4,2.55,0.75,0.06,0.2,16.8,0,0,0,1.4,1.4,0.04,0.6,0.6,Manchester City
66,John Stones,eng ENG,"DF,MF",29-302,10.6,1,4,2,50.0,0.38,0.19,0.25,0.5,15.9,0,0,0,1.0,1.0,0.26,0.0,0.0,Manchester City
67,Mateo Kovačić,hr CRO,MF,29-324,10.8,0,13,3,23.1,1.2,0.28,0.0,0.0,21.6,0,0,0,0.8,0.8,0.06,-0.8,-0.8,Manchester City
68,Jack Grealish,eng ENG,FW,28-197,7.9,3,16,5,31.3,2.04,0.64,0.19,0.6,15.6,0,0,0,1.9,1.9,0.12,1.1,1.1,Manchester City
69,Matheus Nunes,pt POR,"MF,FW",25-211,5.6,0,3,2,66.7,0.53,0.36,0.0,0.0,17.8,0,0,0,0.4,0.4,0.12,-0.4,-0.4,Manchester City
70,Kevin De Bruyne,be BEL,MF,32-271,5.5,1,18,4,22.2,3.29,0.73,0.06,0.25,22.7,4,0,0,1.0,1.0,0.06,0.0,0.0,Manchester City
71,Rico Lewis,eng ENG,"MF,DF",19-125,5.0,1,2,2,100.0,0.4,0.4,0.5,0.5,16.5,0,0,0,0.3,0.3,0.16,0.7,0.7,Manchester City
72,Stefan Ortega,de GER,GK,31-140,2.3,0,0,0,,0.0,0.0,,,,0,0,0,0.0,0.0,,0.0,0.0,Manchester City
73,Oscar Bobb,no NOR,"FW,MF",20-257,2.0,1,3,1,33.3,1.5,0.5,0.33,1.0,9.1,0,0,0,1.3,1.3,0.43,-0.3,-0.3,Manchester City
74,Kalvin Phillips,eng ENG,MF,28-114,1.0,0,2,0,0.0,1.94,0.0,0.0,,21.7,0,0,0,0.1,0.1,0.04,-0.1,-0.1,Manchester City
75,Sergio Gómez,es ESP,FW,23-203,0.2,0,0,0,,0.0,0.0,,,,0,0,0,0.0,0.0,,0.0,0.0,Manchester City
76,Aymeric Laporte,es ESP,DF,29-303,0.1,0,1,1,100.0,7.5,7.5,0.0,0.0,10.8,0,0,0,0.0,0.0,0.04,0.0,0.0,Manchester City
77,Cole Palmer,eng ENG,MF,21-324,0.1,0,0,0,,0.0,0.0,,,,0,0,0,0.0,0.0,,0.0,0.0,Manchester City
78,James Mcatee,eng ENG,MF,21-159,0.0,0,0,0,,0.0,0.0,,,,0,0,0,0.0,0.0,,0.0,0.0,Manchester City
79,Ollie Watkins,eng ENG,FW,28-086,28.5,16,88,40,45.5,3.09,1.4,0.18,0.4,12.7,0,0,0,14.3,14.3,0.17,1.7,1.7,Aston Villa
80,Emiliano Martínez,ar ARG,GK,31-205,28.0,0,0,0,,0.0,0.0,,,,0,0,0,0.0,0.0,,0.0,0.0,Aston Villa
81,Douglas Luiz,br BRA,MF,25-321,26.9,9,42,12,28.6,1.56,0.45,0.12,0.42,23.7,5,4,4,6.6,3.5,0.08,2.4,1.5,Aston Villa
82,John McGinn,sct SCO,"MF,FW",29-159,26.4,6,35,14,40.0,1.33,0.53,0.17,0.43,19.5,3,0,0,4.3,4.3,0.12,1.7,1.7,Aston Villa
83,Ezri Konsa,eng ENG,DF,26-154,25.1,0,13,4,30.8,0.52,0.16,0.0,0.0,11.1,0,0,0,2.0,2.0,0.15,-2.0,-2.0,Aston Villa
84,Matty Cash,pl POL,DF,26-231,21.1,2,31,13,41.9,1.47,0.62,0.06,0.15,15.4,0,0,0,4.1,4.1,0.14,-2.1,-2.1,Aston Villa
85,Pau Torres,es ESP,DF,27-069,20.4,2,10,4,40.0,0.49,0.2,0.2,0.5,16.2,0,0,0,0.9,0.9,0.09,1.1,1.1,Aston Villa
86,Boubacar Kamara,fr FRA,MF,24-123,18.4,0,5,1,20.0,0.27,0.05,0.0,0.0,16.7,0,0,0,0.1,0.1,0.03,-0.1,-0.1,Aston Villa
87,Lucas Digne,fr FRA,DF,30-249,18.5,1,15,4,26.7,0.81,0.22,0.07,0.25,20.2,4,0,0,0.8,0.8,0.05,0.2,0.2,Aston Villa
88,Moussa Diaby,fr FRA,"FW,MF",24-262,17.5,4,42,16,38.1,2.41,0.92,0.1,0.25,16.1,0,0,0,5.1,5.1,0.12,-1.1,-1.1,Aston Villa
89,Leon Bailey,jm JAM,"MF,FW",26-229,16.6,8,44,15,34.1,2.65,0.9,0.18,0.53,16.9,1,0,0,4.7,4.7,0.11,3.3,3.3,Aston Villa
90,Diego Carlos,br BRA,DF,31-010,13.0,0,5,1,20.0,0.39,0.08,0.0,0.0,8.0,0,0,0,0.6,0.6,0.12,-0.6,-0.6,Aston Villa
91,Clément Lenglet,fr FRA,DF,28-282,10.8,0,6,1,16.7,0.55,0.09,0.0,0.0,11.8,0,0,0,0.8,0.8,0.13,-0.8,-0.8,Aston Villa
92,Youri Tielemans,be BEL,"MF,FW",26-323,12.7,1,11,4,36.4,0.86,0.31,0.09,0.25,19.3,0,0,0,1.1,1.1,0.1,-0.1,-0.1,Aston Villa
93,Álex Moreno,es ESP,DF,30-291,10.4,2,8,4,50.0,0.77,0.38,0.25,0.5,12.3,0,0,0,1.1,1.1,0.14,0.9,0.9,Aston Villa
94,Jacob Ramsey,eng ENG,"MF,FW",22-302,9.5,1,19,4,21.1,2.0,0.42,0.05,0.25,15.9,0,0,0,2.2,2.2,0.11,-1.2,-1.2,Aston Villa
95,Nicolò Zaniolo,it ITA,"MF,FW",24-267,6.9,2,21,7,33.3,3.05,1.02,0.1,0.29,13.8,0,0,0,2.0,2.0,0.09,0.0,0.0,Aston Villa
96,Jhon Durán,co COL,"FW,MF",20-103,2.6,2,12,4,33.3,4.7,1.57,0.17,0.5,16.7,0,0,0,1.3,1.3,0.11,0.7,0.7,Aston Villa
97,Morgan Rogers,eng ENG,MF,21-243,1.4,0,4,2,50.0,2.93,1.46,0.0,0.0,17.4,0,0,0,0.4,0.4,0.09,-0.4,-0.4,Aston Villa
98,Leander Dendoncker,be BEL,MF,28-345,1.3,1,2,1,50.0,1.51,0.76,0.5,1.0,12.5,0,0,0,0.7,0.7,0.37,0.3,0.3,Aston Villa
99,Robin Olsen,se SWE,GK,34-077,1.0,0,0,0,,0.0,0.0,,,,0,0,0,0.0,0.0,,0.0,0.0,Aston Villa
100,Tyrone Mings,eng ENG,DF,31-012,0.3,0,1,0,0.0,3.0,0.0,0.0,,18.4,0,0,0,0.0,0.0,0.01,0.0,0.0,Aston Villa
101,Tim Iroegbunam,eng ENG,MF,20-269,0.7,0,0,0,,0.0,0.0,,,,0,0,0,0.0,0.0,,0.0,0.0,Aston Villa
102,Calum Chambers,eng ENG,DF,29-065,0.5,0,0,0,,0.0,0.0,,,,0,0,0,0.0,0.0,,0.0,0.0,Aston Villa
103,Philippe Coutinho,br BRA,"MF,FW",31-287,0.3,0,3,1,33.3,10.8,3.6,0.0,0.0,24.9,0,0,0,0.1,0.1,0.05,-0.1,-0.1,Aston Villa
104,Bertrand Traoré,bf BFA,"DF,FW",28-201,0.1,0,0,0,,0.0,0.0,,,,0,0,0,0.0,0.0,,0.0,0.0,Aston Villa
105,Cameron Archer,eng ENG,MF,22-248,0.1,0,0,0,,0.0,0.0,,,,0,0,0,0.0,0.0,,0.0,0.0,Aston Villa
106,Jaden Philogene Bidace,eng ENG,FW,22-046,0.0,0,0,0,,0.0,0.0,,,,0,0,0,0.0,0.0,,0.0,0.0,Aston Villa
107,Guglielmo Vicario,it ITA,GK,27-170,28.0,0,0,0,,0.0,0.0,,,,0,0,0,0.0,0.0,,0.0,0.0,Tottenham
108,Pedro Porro,es ESP,DF,24-194,25.0,0,37,6,16.2,1.48,0.24,0.0,0.0,20.9,3,0,0,2.2,2.2,0.06,-2.2,-2.2,Tottenham
109,Dejan Kulusevski,se SWE,"FW,MF",23-335,24.5,6,44,17,38.6,1.79,0.69,0.14,0.35,15.9,0,0,0,3.5,3.5,0.08,2.5,2.5,Tottenham
110,Son Heung-min,kr KOR,FW,31-261,23.0,14,60,28,46.7,2.6,1.22,0.22,0.46,15.0,0,1,1,8.0,7.3,0.12,6.0,5.7,Tottenham
111,Destiny Udogie,it ITA,DF,21-118,22.6,2,8,4,50.0,0.35,0.18,0.25,0.5,9.2,0,0,0,2.3,2.3,0.29,-0.3,-0.3,Tottenham
112,Cristian Romero,ar ARG,DF,25-333,21.0,4,13,5,38.5,0.62,0.24,0.31,0.8,11.1,0,0,0,1.6,1.6,0.13,2.4,2.4,Tottenham
113,Pape Matar Sarr,sn SEN,MF,21-193,16.5,3,29,12,41.4,1.76,0.73,0.1,0.25,17.3,0,0,0,2.6,2.6,0.09,0.4,0.4,Tottenham
114,Yves Bissouma,ml MLI,MF,27-208,17.2,0,18,4,22.2,1.05,0.23,0.0,0.0,25.1,1,0,0,1.2,1.2,0.07,-1.2,-1.2,Tottenham
115,Micky van de Ven,nl NED,DF,22-341,17.0,1,5,1,20.0,0.29,0.06,0.2,1.0,16.9,0,0,0,0.3,0.3,0.07,0.7,0.7,Tottenham
116,James Maddison,eng ENG,MF,27-123,16.2,4,40,19,47.5,2.47,1.17,0.1,0.21,18.9,2,0,0,4.2,4.2,0.1,-0.2,-0.2,Tottenham
117,Richarlison,br BRA,FW,26-320,15.1,10,58,23,39.7,3.85,1.53,0.17,0.43,13.3,0,0,0,8.8,8.8,0.15,1.2,1.2,Tottenham
118,Brennan Johnson,wls WAL,FW,22-307,14.2,4,33,15,45.5,2.33,1.06,0.12,0.27,13.7,0,0,0,5.8,5.8,0.18,-1.8,-1.8,Tottenham
119,Ben Davies,wls WAL,DF,30-336,11.1,1,12,2,16.7,1.08,0.18,0.08,0.5,11.8,0,0,0,2.3,2.3,0.19,-1.3,-1.3,Tottenham
120,Emerson,br BRA,DF,25-071,10.7,1,5,3,60.0,0.47,0.28,0.2,0.33,21.4,0,0,0,0.2,0.2,0.03,0.8,0.8,Tottenham
121,Rodrigo Bentancur,uy URU,MF,26-274,5.9,1,9,2,22.2,1.52,0.34,0.11,0.5,15.3,0,0,0,1.0,1.0,0.12,0.0,0.0,Tottenham
122,Pierre Højbjerg,dk DEN,MF,28-233,11.3,0,12,3,25.0,1.06,0.27,0.0,0.0,26.4,1,0,0,0.4,0.4,0.04,-0.4,-0.4,Tottenham
123,Timo Werner,de GER,FW,28-019,4.9,2,20,6,30.0,4.06,1.22,0.1,0.33,14.1,0,0,0,2.7,2.7,0.13,-0.7,-0.7,Tottenham
124,Oliver Skipp,eng ENG,"MF,FW",23-191,6.5,0,3,1,33.3,0.46,0.15,0.0,0.0,12.6,0,0,0,0.6,0.6,0.2,-0.6,-0.6,Tottenham
125,Giovani Lo Celso,ar ARG,MF,27-351,4.7,2,9,5,55.6,1.91,1.06,0.22,0.4,22.0,0,0,0,0.4,0.4,0.05,1.6,1.6,Tottenham
126,Manor Solomon,il ISR,FW,24-245,2.2,0,7,1,14.3,3.17,0.45,0.0,0.0,16.8,0,0,0,0.4,0.4,0.06,-0.4,-0.4,Tottenham
127,Bryan Gil,es ESP,"FW,MF",23-043,2.2,0,3,1,33.3,1.38,0.46,0.0,0.0,11.4,0,0,0,0.7,0.7,0.24,-0.7,-0.7,Tottenham
128,Eric Dier,eng ENG,DF,30-070,2.2,0,0,0,,0.0,0.0,,,,0,0,0,0.0,0.0,,0.0,0.0,Tottenham
129,Radu Drăgușin,ro ROU,DF,22-051,1.6,0,1,0,0.0,0.63,0.0,0.0,,10.4,0,0,0,0.1,0.1,0.14,-0.1,-0.1,Tottenham
130,Ivan Perišić,hr CRO,FW,35-052,1.1,0,2,0,0.0,1.75,0.0,0.0,,13.0,0,0,0,0.1,0.1,0.06,-0.1,-0.1,Tottenham
131,Davinson Sánchez,co COL,DF,27-287,0.9,0,1,0,0.0,1.17,0.0,0.0,,8.6,0,0,0,0.1,0.1,0.12,-0.1,-0.1,Tottenham
132,Alejo Véliz,ar ARG,FW,20-188,0.6,1,2,1,50.0,3.6,1.8,0.5,1.0,8.9,0,0,0,0.2,0.2,0.12,0.8,0.8,Tottenham
133,Jamie Donley,eng ENG,FW,19-082,0.0,0,0,0,,0.0,0.0,,,,0,0,0,0.0,0.0,,0.0,0.0,Tottenham
134,Dane Scarlett,eng ENG,FW,20-001,0.0,0,0,0,,0.0,0.0,,,,0,0,0,0.0,0.0,,0.0,0.0,Tottenham
135,André Onana,cm CMR,GK,27-358,28.0,0,0,0,,0.0,0.0,,,,0,0,0,0.0,0.0,,0.0,0.0,Manchester Utd
136,Bruno Fernandes,pt POR,"MF,FW",29-199,27.0,4,68,24,35.3,2.52,0.89,0.03,0.08,22.5,11,2,3,7.2,4.9,0.07,-3.2,-2.9,Manchester Utd
137,Diogo Dalot,pt POR,DF,25-007,25.3,1,21,4,19.0,0.83,0.16,0.05,0.25,20.6,0,0,0,0.9,0.9,0.04,0.1,0.1,Manchester Utd
138,Marcus Rashford,eng ENG,FW,26-146,22.1,7,57,18,31.6,2.58,0.81,0.09,0.28,16.9,1,2,2,7.1,5.5,0.1,-0.1,-0.5,Manchester Utd
139,Alejandro Garnacho,ar ARG,FW,19-268,19.6,5,66,16,24.2,3.36,0.81,0.08,0.31,15.7,0,0,0,5.7,5.6,0.09,-0.7,-0.6,Manchester Utd
140,Rasmus Højlund,dk DEN,FW,21-050,16.3,7,29,15,51.7,1.78,0.92,0.24,0.47,11.1,0,0,0,6.5,6.5,0.23,0.5,0.5,Manchester Utd
141,Casemiro,br BRA,MF,32-031,13.1,1,26,6,23.1,1.99,0.46,0.04,0.17,17.9,1,0,0,2.4,2.4,0.09,-1.4,-1.4,Manchester Utd
142,Scott McTominay,sct SCO,"MF,FW",27-108,16.4,7,35,17,48.6,2.14,1.04,0.2,0.41,14.1,0,0,0,5.1,5.1,0.15,1.9,1.9,Manchester Utd
143,Raphaël Varane,fr FRA,DF,30-335,14.0,1,8,2,25.0,0.57,0.14,0.13,0.5,9.2,0,0,0,1.3,1.3,0.16,-0.3,-0.3,Manchester Utd
144,Kobbie Mainoo,eng ENG,MF,18-341,12.3,1,5,2,40.0,0.41,0.16,0.2,0.5,23.1,0,0,0,0.2,0.2,0.04,0.8,0.8,Manchester Utd
145,Victor Lindelöf,se SWE,DF,29-252,14.0,1,6,4,66.7,0.43,0.29,0.17,0.25,10.4,0,0,0,0.8,0.8,0.13,0.2,0.2,Manchester Utd
146,Harry Maguire,eng ENG,DF,31-020,12.9,1,13,2,15.4,1.01,0.16,0.08,0.5,10.3,0,0,0,1.7,1.7,0.13,-0.7,-0.7,Manchester Utd
147,Jonny Evans,nir NIR,DF,36-082,12.1,0,1,0,0.0,0.08,0.0,0.0,,5.4,0,0,0,0.1,0.1,0.06,-0.1,-0.1,Manchester Utd
148,Luke Shaw,eng ENG,DF,28-257,10.7,0,2,0,0.0,0.19,0.0,0.0,,21.2,0,0,0,0.0,0.0,0.02,0.0,0.0,Manchester Utd
149,Antony,br BRA,FW,24-030,10.6,0,26,5,19.2,2.46,0.47,0.0,0.0,19.0,0,0,0,1.5,1.5,0.06,-1.5,-1.5,Manchester Utd
150,Aaron Wan-Bissaka,eng ENG,DF,26-120,9.8,0,2,1,50.0,0.2,0.1,0.0,0.0,24.5,0,0,0,0.1,0.1,0.04,-0.1,-0.1,Manchester Utd
151,Christian Eriksen,dk DEN,MF,32-040,9.9,1,9,4,44.4,0.91,0.41,0.11,0.25,21.5,1,0,0,0.7,0.7,0.08,0.3,0.3,Manchester Utd
152,Sofyan Amrabat,ma MAR,"MF,DF",27-217,7.1,0,2,0,0.0,0.28,0.0,0.0,,23.7,0,0,0,0.1,0.1,0.03,-0.1,-0.1,Manchester Utd
153,Lisandro Martínez,ar ARG,DF,26-067,6.2,0,0,0,,0.0,0.0,,,,0,0,0,0.0,0.0,,0.0,0.0,Manchester Utd
154,Anthony Martial,fr FRA,FW,28-111,5.0,1,6,4,66.7,1.21,0.8,0.17,0.25,12.9,0,0,0,1.2,1.2,0.2,-0.2,-0.2,Manchester Utd
155,Sergio Reguilón,es ESP,DF,27-100,4.6,0,4,0,0.0,0.87,0.0,0.0,,18.1,0,0,0,0.2,0.2,0.05,-0.2,-0.2,Manchester Utd
156,Mason Mount,eng ENG,MF,25-075,4.4,0,3,0,0.0,0.68,0.0,0.0,,13.2,0,0,0,0.2,0.2,0.07,-0.2,-0.2,Manchester Utd
157,Facundo Pellistri,uy URU,"FW,MF",22-096,1.9,0,4,2,50.0,2.09,1.05,0.0,0.0,11.5,0,0,0,0.7,0.7,0.18,-0.7,-0.7,Manchester Utd
158,Hannibal Mejbri,tn TUN,"MF,FW",21-064,1.5,1,1,1,100.0,0.68,0.68,1.0,1.0,28.7,0,0,0,0.0,0.0,0.03,1.0,1.0,Manchester Utd
159,Willy Kambwala,fr FRA,DF,19-213,1.2,0,0,0,,0.0,0.0,,,,0,0,0,0.0,0.0,,0.0,0.0,Manchester Utd
160,Omari Forson,eng ENG,FW,19-249,0.7,0,1,0,0.0,1.36,0.0,0.0,,21.6,0,0,0,0.0,0.0,0.03,0.0,0.0,Manchester Utd
161,Jadon Sancho,eng ENG,"FW,MF",24-000,0.9,0,0,0,,0.0,0.0,,,,0,0,0,0.0,0.0,,0.0,0.0,Manchester Utd
162,Amad Diallo,ci CIV,FW,21-258,0.5,0,1,1,100.0,1.87,1.87,0.0,0.0,14.6,0,0,0,0.1,0.1,0.05,-0.1,-0.1,Manchester Utd
163,Donny van de Beek,nl NED,DF,26-342,0.0,0,1,0,0.0,30.0,0.0,0.0,,16.1,0,0,0,0.0,0.0,0.04,0.0,0.0,Manchester Utd
164,Daniel Gore,eng ENG,MF,19-181,0.0,0,0,0,,0.0,0.0,,,,0,0,0,0.0,0.0,,0.0,0.0,Manchester Utd
165,Jarrod Bowen,eng ENG,FW,27-096,28.0,14,65,30,46.2,2.33,1.07,0.22,0.47,13.9,0,0,0,9.3,9.3,0.14,4.7,4.7,West Ham
166,Vladimír Coufal,cz CZE,DF,31-216,26.6,0,4,1,25.0,0.15,0.04,0.0,0.0,21.7,0,0,0,0.2,0.2,0.04,-0.2,-0.2,West Ham
167,James Ward-Prowse,eng ENG,MF,29-145,26.0,5,30,11,36.7,1.15,0.42,0.1,0.27,21.9,10,2,2,5.5,3.9,0.14,-0.5,-0.9,West Ham
168,Emerson Palmieri,it ITA,DF,29-235,26.2,1,15,3,20.0,0.57,0.11,0.07,0.33,18.6,0,0,0,1.1,1.1,0.07,-0.1,-0.1,West Ham
169,Alphonse Areola,fr FRA,GK,31-027,25.5,0,0,0,,0.0,0.0,,,,0,0,0,0.0,0.0,,0.0,0.0,West Ham
170,Tomáš Souček,cz CZE,MF,29-027,24.8,6,36,12,33.3,1.45,0.48,0.17,0.5,10.5,0,0,0,6.0,6.0,0.17,0.0,0.0,West Ham
171,Kurt Zouma,fr FRA,DF,29-150,23.2,2,14,6,42.9,0.6,0.26,0.14,0.33,9.2,0,0,0,1.5,1.5,0.11,0.5,0.5,West Ham
172,Edson Álvarez,mx MEX,MF,26-153,21.9,1,17,3,17.6,0.78,0.14,0.06,0.33,21.1,0,0,0,1.3,1.3,0.08,-0.3,-0.3,West Ham
173,Lucas Paquetá,br BRA,"FW,MF",26-211,20.4,3,32,7,21.9,1.57,0.34,0.06,0.29,17.8,1,1,1,4.2,3.4,0.11,-1.2,-1.4,West Ham
174,Nayef Aguerd,ma MAR,DF,27-361,19.6,1,14,3,21.4,0.71,0.15,0.07,0.33,10.8,0,0,0,1.5,1.5,0.11,-0.5,-0.5,West Ham
175,Kudus Mohammed,gh GHA,"FW,MF",23-236,18.7,6,44,12,27.3,2.36,0.64,0.14,0.5,18.7,0,0,0,3.4,3.4,0.08,2.6,2.6,West Ham
176,Michail Antonio,jm JAM,FW,33-363,11.4,3,16,6,37.5,1.41,0.53,0.19,0.5,12.6,0,0,0,2.5,2.5,0.16,0.5,0.5,West Ham
177,Konstantinos Mavropanos,gr GRE,DF,26-105,12.0,1,10,1,10.0,0.83,0.08,0.1,1.0,9.1,0,0,0,1.1,1.1,0.11,-0.1,-0.1,West Ham
178,Saïd Benrahma,dz ALG,"FW,MF",28-228,6.9,0,18,5,27.8,2.61,0.73,0.0,0.0,19.8,0,0,1,1.8,1.0,0.06,-1.8,-1.0,West Ham
179,Pablo Fornals,es ESP,"MF,FW",28-032,4.7,0,7,3,42.9,1.48,0.63,0.0,0.0,20.1,0,0,0,0.3,0.3,0.04,-0.3,-0.3,West Ham
180,Ben Johnson,eng ENG,"DF,FW",24-061,4.7,0,5,1,20.0,1.06,0.21,0.0,0.0,25.4,0,0,0,0.2,0.2,0.03,-0.2,-0.2,West Ham
181,Angelo Ogbonna,it ITA,DF,35-307,3.6,0,0,0,,0.0,0.0,,,,0,0,0,0.0,0.0,,0.0,0.0,West Ham
182,Łukasz Fabiański,pl POL,GK,38-342,3.5,0,0,0,,0.0,0.0,,,,0,0,0,0.0,0.0,,0.0,0.0,West Ham
183,Kalvin Phillips,eng ENG,MF,28-114,3.0,0,3,2,66.7,1.0,0.66,0.0,0.0,25.8,0,0,0,0.1,0.1,0.03,-0.1,-0.1,West Ham
184,Aaron Cresswell,eng ENG,DF,34-101,2.7,0,0,0,,0.0,0.0,,,,0,0,0,0.0,0.0,,0.0,0.0,West Ham
185,Danny Ings,eng ENG,FW,31-246,2.9,1,9,3,33.3,3.07,1.02,0.11,0.33,13.4,0,0,0,1.1,1.1,0.13,-0.1,-0.1,West Ham
186,Maxwel Cornet,ci CIV,"MF,FW",27-180,1.2,1,4,1,25.0,3.43,0.86,0.25,1.0,12.5,0,0,0,0.4,0.4,0.1,0.6,0.6,West Ham
187,Divin Mubama,eng ENG,FW,19-152,0.9,0,1,0,0.0,1.13,0.0,0.0,,12.5,0,0,0,0.1,0.1,0.15,-0.1,-0.1,West Ham
188,Thilo Kehrer,de GER,"DF,MF",27-186,0.2,0,0,0,,0.0,0.0,,,,0,0,0,0.0,0.0,,0.0,0.0,West Ham
189,Pascal Groß,de GER,"MF,DF",32-284,24.6,4,44,15,34.1,1.79,0.61,0.07,0.2,19.5,4,1,1,5.3,4.6,0.1,-1.3,-1.6,Brighton
190,Lewis Dunk,eng ENG,DF,32-125,23.4,3,29,9,31.0,1.24,0.38,0.1,0.33,13.7,4,0,0,2.9,2.9,0.1,0.1,0.1,Brighton
191,Jan Paul van Hecke,nl NED,DF,23-291,21.3,0,13,6,46.2,0.61,0.28,0.0,0.0,10.2,0,0,0,1.1,1.1,0.09,-1.1,-1.1,Brighton
192,Billy Gilmour,sct SCO,MF,22-288,19.8,0,23,5,21.7,1.16,0.25,0.0,0.0,25.7,0,0,0,0.9,0.9,0.04,-0.9,-0.9,Brighton
193,Simon Adingra,ci CIV,FW,22-084,16.1,6,33,15,45.5,2.05,0.93,0.18,0.4,16.1,0,0,0,3.1,3.1,0.1,2.9,2.9,Brighton
194,Kaoru Mitoma,jp JPN,FW,26-310,16.5,3,34,15,44.1,2.06,0.91,0.09,0.2,13.2,0,0,0,3.5,3.5,0.1,-0.5,-0.5,Brighton
195,Evan Ferguson,ie IRL,FW,19-158,15.1,6,33,20,60.6,2.19,1.32,0.18,0.3,15.5,0,0,0,4.6,4.6,0.14,1.4,1.4,Brighton
196,Jason Steele,eng ENG,GK,33-220,15.0,0,0,0,,0.0,0.0,,,,0,0,0,0.0,0.0,,0.0,0.0,Brighton
197,Danny Welbeck,eng ENG,"FW,MF",33-120,11.4,3,28,12,42.9,2.45,1.05,0.11,0.25,15.8,1,0,0,3.6,3.6,0.13,-0.6,-0.6,Brighton
198,Bart Verbruggen,nl NED,GK,21-220,13.0,0,0,0,,0.0,0.0,,,,0,0,0,0.0,0.0,,0.0,0.0,Brighton
199,João Pedro,br BRA,"FW,MF",22-181,15.5,8,44,15,34.1,2.84,0.97,0.09,0.27,15.0,0,4,4,8.4,5.2,0.12,-0.4,-1.2,Brighton
200,Pervis Estupiñán,ec ECU,DF,26-064,11.7,2,10,6,60.0,0.86,0.51,0.2,0.33,18.8,0,0,0,0.9,0.9,0.09,1.1,1.1,Brighton
201,Facundo Buonanotte,ar ARG,"MF,FW",19-093,10.5,3,16,6,37.5,1.53,0.57,0.19,0.5,16.9,0,0,0,1.9,1.9,0.12,1.1,1.1,Brighton
202,Joël Veltman,nl NED,DF,32-070,12.6,0,2,2,100.0,0.16,0.16,0.0,0.0,20.4,0,0,0,0.1,0.1,0.05,-0.1,-0.1,Brighton
203,Igor,br BRA,DF,26-047,11.1,0,2,0,0.0,0.18,0.0,0.0,,16.2,0,0,0,0.1,0.1,0.06,-0.1,-0.1,Brighton
204,James Milner,eng ENG,"DF,MF",38-081,8.6,0,5,1,20.0,0.58,0.12,0.0,0.0,17.2,0,0,0,0.3,0.3,0.06,-0.3,-0.3,Brighton
205,Adam Lallana,eng ENG,MF,35-320,7.4,0,5,2,40.0,0.68,0.27,0.0,0.0,18.2,0,0,0,0.3,0.3,0.06,-0.3,-0.3,Brighton
206,Adam Webster,eng ENG,DF,29-081,8.5,0,5,0,0.0,0.59,0.0,0.0,,10.6,0,0,0,0.3,0.3,0.05,-0.3,-0.3,Brighton
207,Carlos Baleba,cm CMR,MF,20-082,8.5,0,12,2,16.7,1.41,0.24,0.0,0.0,23.9,0,0,0,0.6,0.6,0.05,-0.6,-0.6,Brighton
208,Jack Hinshelwood,eng ENG,DF,18-349,9.7,3,14,8,57.1,1.45,0.83,0.21,0.38,9.2,0,0,0,1.9,1.9,0.14,1.1,1.1,Brighton
209,Tariq Lamptey,gh GHA,"DF,FW",23-177,6.6,0,5,0,0.0,0.76,0.0,0.0,,19.1,0,0,0,0.4,0.4,0.08,-0.4,-0.4,Brighton
210,Solly March,eng ENG,"FW,DF",29-249,6.2,3,14,6,42.9,2.27,0.97,0.21,0.5,16.6,1,0,0,2.0,2.0,0.14,1.0,1.0,Brighton
211,Mahmoud Dahoud,de GER,MF,28-084,5.0,0,6,1,16.7,1.19,0.2,0.0,0.0,26.8,0,0,0,0.2,0.2,0.04,-0.2,-0.2,Brighton
212,Ansu Fati,es ESP,"MF,FW",21-146,5.3,2,23,10,43.5,4.35,1.89,0.09,0.2,14.3,0,0,0,3.3,3.3,0.14,-1.3,-1.3,Brighton
213,Julio Enciso,py PAR,"MF,FW",20-062,1.6,0,10,3,30.0,6.12,1.84,0.0,0.0,21.5,0,0,0,0.5,0.5,0.05,-0.5,-0.5,Brighton
214,Jakub Moder,pl POL,"MF,DF",24-353,2.5,0,4,1,25.0,1.63,0.41,0.0,0.0,11.9,0,0,0,0.3,0.3,0.08,-0.3,-0.3,Brighton
215,Benicio Boaitey,eng ENG,"DF,FW",20-076,0.2,0,0,0,,0.0,0.0,,,,0,0,0,0.0,0.0,,0.0,0.0,Brighton
216,Max Kilman,eng ENG,DF,26-307,28.0,2,10,5,50.0,0.36,0.18,0.2,0.4,8.9,0,0,0,1.6,1.6,0.16,0.4,0.4,Wolves
217,Nélson Semedo,pt POR,"DF,MF",30-130,26.1,0,13,3,23.1,0.5,0.12,0.0,0.0,20.3,0,0,0,0.9,0.9,0.07,-0.9,-0.9,Wolves
218,José Sá,pt POR,GK,31-068,24.7,0,0,0,,0.0,0.0,,,,0,0,0,0.0,0.0,,0.0,0.0,Wolves
219,Craig Dawson,eng ENG,DF,33-324,24.5,1,16,5,31.3,0.65,0.2,0.06,0.2,11.2,0,0,0,1.5,1.5,0.09,-0.5,-0.5,Wolves
220,Mario Lemina,ga GAB,MF,30-206,24.2,4,36,13,36.1,1.49,0.54,0.11,0.31,15.7,0,0,0,4.1,4.1,0.11,-0.1,-0.1,Wolves
221,Matheus Cunha,br BRA,"FW,MF",24-303,21.8,9,59,30,50.8,2.71,1.38,0.14,0.27,18.3,0,1,1,8.2,7.4,0.13,0.8,0.6,Wolves
222,João Gomes,br BRA,MF,23-042,20.2,2,18,5,27.8,0.89,0.25,0.11,0.4,20.0,0,0,0,1.1,1.1,0.06,0.9,0.9,Wolves
223,Toti Gomes,pt POR,DF,25-069,20.8,0,7,2,28.6,0.34,0.1,0.0,0.0,8.0,0,0,0,1.0,1.0,0.14,-1.0,-1.0,Wolves
224,Rayan Aït-Nouri,dz ALG,"DF,MF",22-293,18.9,1,15,3,20.0,0.79,0.16,0.07,0.33,15.9,0,0,0,1.9,1.9,0.13,-0.9,-0.9,Wolves
225,Hwang Hee-chan,kr KOR,"FW,MF",28-059,18.0,10,35,12,34.3,1.94,0.67,0.26,0.75,12.6,0,1,1,6.3,5.6,0.16,3.7,3.4,Wolves
226,Pedro Neto,pt POR,"FW,MF",24-016,16.7,2,35,11,31.4,2.1,0.66,0.06,0.18,16.5,2,0,0,3.4,3.4,0.1,-1.4,-1.4,Wolves
227,Pablo Sarabia,es ESP,"MF,FW",31-319,14.1,3,34,11,32.4,2.4,0.78,0.06,0.18,18.9,5,1,1,3.6,2.8,0.08,-0.6,-0.8,Wolves
228,Jean-Ricner Bellegarde,fr FRA,"MF,FW",25-272,9.0,2,14,5,35.7,1.56,0.56,0.14,0.4,17.2,0,0,0,1.4,1.4,0.1,0.6,0.6,Wolves
229,Tommy Doyle,eng ENG,MF,22-160,9.0,0,7,2,28.6,0.77,0.22,0.0,0.0,27.2,2,0,0,0.2,0.2,0.04,-0.2,-0.2,Wolves
230,Hugo Bueno,es ESP,"DF,MF",21-189,4.8,0,4,0,0.0,0.83,0.0,0.0,,17.3,0,0,0,0.2,0.2,0.06,-0.2,-0.2,Wolves
231,Matt Doherty,ie IRL,"DF,MF",32-069,6.6,1,5,2,40.0,0.76,0.3,0.2,0.5,11.0,0,0,0,0.5,0.5,0.11,0.5,0.5,Wolves
232,Boubacar Traoré,ml MLI,"MF,FW",22-218,4.5,0,4,0,0.0,0.89,0.0,0.0,,28.9,0,0,0,0.1,0.1,0.02,-0.1,-0.1,Wolves
233,Santiago Bueno,uy URU,DF,25-137,3.2,0,0,0,,0.0,0.0,,,,0,0,0,0.0,0.0,,0.0,0.0,Wolves
234,Fábio Silva,pt POR,FW,21-250,2.9,0,7,3,42.9,2.39,1.02,0.0,0.0,13.8,0,0,0,1.0,1.0,0.15,-1.0,-1.0,Wolves
235,Daniel Bentley,eng ENG,GK,30-256,3.3,0,0,0,,0.0,0.0,,,,0,0,0,0.0,0.0,,0.0,0.0,Wolves
236,Matheus Nunes,pt POR,MF,25-211,2.0,0,1,0,0.0,0.5,0.0,0.0,,15.4,0,0,0,0.1,0.1,0.08,-0.1,-0.1,Wolves
237,Nathan Fraser,ie IRL,FW,19-032,1.9,0,2,2,100.0,1.03,1.03,0.0,0.0,17.9,0,0,0,0.3,0.3,0.13,-0.3,-0.3,Wolves
238,Sasa Kalajdzic,at AUT,FW,26-262,1.8,2,4,2,50.0,2.17,1.08,0.5,1.0,11.2,0,0,0,1.1,1.1,0.26,0.9,0.9,Wolves
239,Tawanda Chirewa,eng ENG,"MF,FW",20-166,0.1,0,1,0,0.0,6.92,0.0,0.0,,12.5,0,0,0,0.1,0.1,0.08,-0.1,-0.1,Wolves
240,Jonny Castro,es ESP,MF,30-022,0.1,0,0,0,,0.0,0.0,,,,0,0,0,0.0,0.0,,0.0,0.0,Wolves
241,Fabian Schär,ch SUI,DF,32-096,27.1,3,30,8,26.7,1.11,0.29,0.1,0.38,18.7,2,0,0,2.4,2.4,0.08,0.6,0.6,Newcastle Utd
242,Bruno Guimarães,br BRA,MF,26-130,26.3,3,31,9,29.0,1.18,0.34,0.1,0.33,18.3,0,0,0,2.6,2.6,0.09,0.4,0.4,Newcastle Utd
243,Anthony Gordon,eng ENG,FW,23-030,24.3,9,57,22,38.6,2.35,0.91,0.14,0.36,17.5,0,1,1,7.8,7.0,0.12,1.2,1.0,Newcastle Utd
244,Kieran Trippier,eng ENG,DF,33-188,24.0,1,8,2,25.0,0.33,0.08,0.13,0.5,23.8,4,0,0,0.7,0.7,0.08,0.3,0.3,Newcastle Utd
245,Miguel Almirón,py PAR,FW,30-044,20.4,3,40,11,27.5,1.96,0.54,0.08,0.27,16.3,0,0,0,4.5,4.5,0.11,-1.5,-1.5,Newcastle Utd
246,Dan Burn,eng ENG,DF,31-321,20.3,2,16,5,31.3,0.79,0.25,0.13,0.4,9.0,0,0,0,2.4,2.4,0.16,-0.4,-0.4,Newcastle Utd
247,Sean Longstaff,eng ENG,MF,26-147,21.1,4,24,10,41.7,1.14,0.47,0.17,0.4,15.5,0,0,0,3.6,3.6,0.15,0.4,0.4,Newcastle Utd
248,Alexander Isak,se SWE,FW,24-186,15.6,12,42,22,52.4,2.7,1.41,0.24,0.45,13.7,0,2,2,10.9,9.4,0.23,1.1,0.6,Newcastle Utd
249,Sven Botman,nl NED,DF,24-073,15.3,2,10,2,20.0,0.65,0.13,0.2,1.0,10.5,0,0,0,0.6,0.6,0.06,1.4,1.4,Newcastle Utd
250,Nick Pope,eng ENG,GK,31-341,13.9,0,1,0,0.0,0.07,0.0,0.0,,14.3,0,0,0,0.0,0.0,0.03,0.0,0.0,Newcastle Utd
251,Lewis Miley,eng ENG,MF,17-329,13.4,1,13,3,23.1,0.97,0.22,0.08,0.33,15.4,0,0,0,1.2,1.2,0.1,-0.2,-0.2,Newcastle Utd
252,Joelinton,br BRA,"MF,FW",27-224,12.6,2,15,5,33.3,1.19,0.4,0.13,0.4,16.0,0,0,0,2.3,2.3,0.15,-0.3,-0.3,Newcastle Utd
253,Martin Dúbravka,sk SVK,GK,35-070,13.1,0,0,0,,0.0,0.0,,,,0,0,0,0.0,0.0,,0.0,0.0,Newcastle Utd
254,Jamaal Lascelles,eng ENG,DF,30-135,11.8,1,6,1,16.7,0.51,0.08,0.17,1.0,9.3,0,0,0,0.7,0.7,0.12,0.3,0.3,Newcastle Utd
255,Valentino Livramento,eng ENG,DF,21-134,10.8,1,3,1,33.3,0.28,0.09,0.33,1.0,13.1,0,0,0,0.3,0.3,0.09,0.7,0.7,Newcastle Utd
256,Callum Wilson,eng ENG,FW,32-027,9.6,7,29,15,51.7,3.03,1.57,0.17,0.33,12.2,0,2,2,7.2,5.7,0.2,-0.2,-0.7,Newcastle Utd
257,Sandro Tonali,it ITA,MF,23-322,4.9,1,3,2,66.7,0.62,0.41,0.33,0.5,15.8,0,0,0,0.7,0.7,0.22,0.3,0.3,Newcastle Utd
258,Jacob Murphy,eng ENG,FW,29-030,5.3,2,15,5,33.3,2.84,0.95,0.13,0.4,18.9,0,0,0,0.9,0.9,0.06,1.1,1.1,Newcastle Utd
259,Elliot Anderson,sct SCO,"MF,FW",21-140,4.8,0,7,2,28.6,1.45,0.41,0.0,0.0,14.0,0,0,0,0.7,0.7,0.1,-0.7,-0.7,Newcastle Utd
260,Harvey Barnes,eng ENG,FW,26-107,4.0,2,12,4,33.3,3.0,1.0,0.17,0.5,19.7,0,0,0,1.2,1.2,0.1,0.8,0.8,Newcastle Utd
261,Joe Willock,eng ENG,MF,24-218,3.4,1,4,2,50.0,1.18,0.59,0.25,0.5,6.3,0,0,0,0.7,0.7,0.16,0.3,0.3,Newcastle Utd
262,Lewis Hall,eng ENG,DF,19-199,1.2,0,1,1,100.0,0.81,0.81,0.0,0.0,20.2,0,0,0,0.0,0.0,0.02,0.0,0.0,Newcastle Utd
263,Loris Karius,de GER,GK,30-277,1.0,0,0,0,,0.0,0.0,,,,0,0,0,0.0,0.0,,0.0,0.0,Newcastle Utd
264,Matt Targett,eng ENG,DF,28-189,0.9,0,0,0,,0.0,0.0,,,,0,0,0,0.0,0.0,,0.0,0.0,Newcastle Utd
265,Matt Ritchie,sct SCO,FW,34-197,1.2,1,5,3,60.0,4.13,2.48,0.2,0.33,11.9,0,0,0,0.8,0.8,0.16,0.2,0.2,Newcastle Utd
266,Emil Krafth,se SWE,DF,29-236,1.2,0,1,0,0.0,0.83,0.0,0.0,,20.0,0,0,0,0.1,0.1,0.06,-0.1,-0.1,Newcastle Utd
267,Ben Parkinson,eng ENG,FW,19-015,0.3,0,0,0,,0.0,0.0,,,,0,0,0,0.0,0.0,,0.0,0.0,Newcastle Utd
268,Joe White,eng ENG,MF,21-176,0.1,0,0,0,,0.0,0.0,,,,0,0,0,0.0,0.0,,0.0,0.0,Newcastle Utd
269,Paul Dummett,wls WAL,DF,32-181,0.1,0,0,0,,0.0,0.0,,,,0,0,0,0.0,0.0,,0.0,0.0,Newcastle Utd
270,Alex Murphy,ie IRL,"FW,DF",19-274,0.0,0,0,0,,0.0,0.0,,,,0,0,0,0.0,0.0,,0.0,0.0,Newcastle Utd
271,Amadou Diallo,eng ENG,MF,21-039,0.0,0,0,0,,0.0,0.0,,,,0,0,0,0.0,0.0,,0.0,0.0,Newcastle Utd
272,Michael Ndiweni,eng ENG,FW,20-114,0.0,0,0,0,,0.0,0.0,,,,0,0,0,0.0,0.0,,0.0,0.0,Newcastle Utd
273,Conor Gallagher,eng ENG,MF,24-048,24.2,2,33,12,36.4,1.36,0.49,0.06,0.17,21.0,0,0,0,2.4,2.4,0.07,-0.4,-0.4,Chelsea
274,Axel Disasi,fr FRA,DF,26-014,24.7,2,12,4,33.3,0.49,0.16,0.17,0.5,11.4,0,0,0,1.4,1.4,0.11,0.6,0.6,Chelsea
275,Thiago Silva,br BRA,DF,39-185,22.0,2,9,3,33.3,0.41,0.14,0.22,0.67,9.4,0,0,0,0.4,0.4,0.05,1.6,1.6,Chelsea
276,Moisés Caicedo,ec ECU,MF,22-144,21.6,0,7,1,14.3,0.32,0.05,0.0,0.0,26.0,0,0,0,0.2,0.2,0.03,-0.2,-0.2,Chelsea
277,Enzo Fernández,ar ARG,MF,23-068,20.8,3,39,11,28.2,1.87,0.53,0.05,0.18,22.0,2,1,2,5.7,4.1,0.11,-2.7,-2.1,Chelsea
278,Raheem Sterling,eng ENG,"FW,MF",29-108,20.1,6,43,16,37.2,2.13,0.79,0.14,0.38,13.7,3,0,0,5.5,5.5,0.13,0.5,0.5,Chelsea
279,Nicolas Jackson,sn SEN,FW,22-279,20.2,9,53,25,47.2,2.63,1.24,0.17,0.36,12.6,0,0,0,12.6,12.6,0.24,-3.6,-3.6,Chelsea
280,Levi Colwill,eng ENG,DF,21-028,20.0,1,11,3,27.3,0.55,0.15,0.09,0.33,11.9,0,0,0,1.3,1.3,0.12,-0.3,-0.3,Chelsea
281,Cole Palmer,eng ENG,"FW,MF",21-324,19.3,11,52,20,38.5,2.69,1.03,0.12,0.3,22.8,4,5,5,8.9,4.9,0.09,2.1,1.1,Chelsea
282,Robert Sánchez,es ESP,GK,26-128,15.9,0,0,0,,0.0,0.0,,,,0,0,0,0.0,0.0,,0.0,0.0,Chelsea
283,Malo Gusto,fr FRA,DF,20-311,15.2,0,8,1,12.5,0.53,0.07,0.0,0.0,20.8,0,0,0,0.4,0.4,0.05,-0.4,-0.4,Chelsea
284,Đorđe Petrović,rs SRB,GK,24-169,11.1,0,0,0,,0.0,0.0,,,,0,0,0,0.0,0.0,,0.0,0.0,Chelsea
285,Mykhailo Mudryk,ua UKR,"FW,MF",23-080,10.1,4,17,5,29.4,1.68,0.49,0.24,0.8,16.8,0,0,0,2.8,2.8,0.16,1.2,1.2,Chelsea
286,Marc Cucurella,es ESP,DF,25-247,8.8,0,4,3,75.0,0.45,0.34,0.0,0.0,14.7,0,0,0,0.8,0.8,0.2,-0.8,-0.8,Chelsea
287,Ben Chilwell,eng ENG,DF,27-095,8.3,0,11,3,27.3,1.33,0.36,0.0,0.0,16.7,1,0,0,1.2,1.2,0.11,-1.2,-1.2,Chelsea
288,Benoît Badiashile,fr FRA,DF,22-365,6.2,0,2,1,50.0,0.32,0.16,0.0,0.0,11.4,0,0,0,0.1,0.1,0.06,-0.1,-0.1,Chelsea
289,Armando Broja,al ALB,FW,22-197,5.0,1,13,2,15.4,2.58,0.4,0.08,0.5,11.1,0,0,0,2.4,2.4,0.18,-1.4,-1.4,Chelsea
290,Reece James,eng ENG,DF,24-108,4.3,0,7,1,14.3,1.62,0.23,0.0,0.0,20.9,3,0,0,0.3,0.3,0.04,-0.3,-0.3,Chelsea
291,Noni Madueke,eng ENG,FW,22-015,3.9,2,9,3,33.3,2.32,0.77,0.11,0.33,19.0,0,1,1,1.2,0.4,0.04,0.8,0.6,Chelsea
292,Lesley Ugochukwu,fr FRA,MF,19-365,3.0,0,0,0,,0.0,0.0,,,,0,0,0,0.0,0.0,,0.0,0.0,Chelsea
293,Christopher Nkunku,fr FRA,"FW,MF",26-132,3.5,2,11,5,45.5,3.1,1.41,0.18,0.4,9.7,0,0,0,1.7,1.7,0.16,0.3,0.3,Chelsea
294,Trevoh Chalobah,eng ENG,DF,24-264,2.2,0,0,0,,0.0,0.0,,,,0,0,0,0.0,0.0,,0.0,0.0,Chelsea
295,Carney Chukwuemeka,eng ENG,"MF,FW",20-157,1.9,1,2,2,100.0,1.05,1.05,0.5,0.5,17.5,0,0,0,0.1,0.1,0.07,0.9,0.9,Chelsea
296,Ian Maatsen,nl NED,"FW,MF",22-015,2.3,0,5,0,0.0,2.15,0.0,0.0,,17.1,0,0,0,0.8,0.8,0.16,-0.8,-0.8,Chelsea
297,Roméo Lavia,be BEL,MF,20-079,0.4,0,0,0,,0.0,0.0,,,,0,0,0,0.0,0.0,,0.0,0.0,Chelsea
298,Cesare Casadei,it ITA,"MF,FW",21-075,0.2,0,0,0,,0.0,0.0,,,,0,0,0,0.0,0.0,,0.0,0.0,Chelsea
299,Alfie Gilchrist,eng ENG,"DF,FW",20-118,0.2,0,0,0,,0.0,0.0,,,,0,0,0,0.0,0.0,,0.0,0.0,Chelsea
300,Deivid Washington,br BRA,DF,18-294,0.1,0,1,0,0.0,9.0,0.0,0.0,,9.0,0,0,0,0.5,0.5,0.47,-0.5,-0.5,Chelsea
301,Mason Burstow,eng ENG,FW,20-234,0.1,0,0,0,,0.0,0.0,,,,0,0,0,0.0,0.0,,0.0,0.0,Chelsea
302,Alex Matos,eng ENG,MF,19-174,0.0,0,0,0,,0.0,0.0,,,,0,0,0,0.0,0.0,,0.0,0.0,Chelsea
303,Bernd Leno,de GER,GK,32-021,29.0,0,0,0,,0.0,0.0,,,,0,0,0,0.0,0.0,,0.0,0.0,Fulham
304,Antonee Robinson,us USA,DF,26-230,27.4,0,10,4,40.0,0.36,0.15,0.0,0.0,20.9,0,0,0,0.5,0.5,0.05,-0.5,-0.5,Fulham
305,Andreas Pereira,br BRA,MF,28-084,22.2,1,38,10,26.3,1.71,0.45,0.03,0.1,22.9,6,0,0,2.3,2.3,0.06,-1.3,-1.3,Fulham
306,Timothy Castagne,be BEL,DF,28-111,22.3,0,12,3,25.0,0.54,0.13,0.0,0.0,11.4,0,0,0,1.4,1.4,0.12,-1.4,-1.4,Fulham
307,João Palhinha,pt POR,MF,28-260,21.8,3,30,10,33.3,1.38,0.46,0.1,0.3,15.8,0,0,0,2.2,2.2,0.07,0.8,0.8,Fulham
308,Willian,br BRA,FW,35-229,18.0,4,37,15,40.5,2.05,0.83,0.05,0.13,20.7,2,2,2,4.7,3.1,0.08,-0.7,-1.1,Fulham
309,Raúl Jiménez,mx MEX,FW,32-325,14.1,5,36,15,41.7,2.56,1.07,0.14,0.33,15.1,0,0,0,4.5,4.5,0.12,0.5,0.5,Fulham
310,Calvin Bassey,ng NGA,DF,24-085,16.6,1,4,1,25.0,0.24,0.06,0.25,1.0,10.1,0,0,0,0.3,0.3,0.08,0.7,0.7,Fulham
311,Alex Iwobi,ng NGA,"FW,MF",27-327,16.5,5,40,14,35.0,2.43,0.85,0.13,0.36,17.8,0,0,0,4.6,4.6,0.12,0.4,0.4,Fulham
312,Tim Ream,us USA,DF,36-172,15.7,1,1,1,100.0,0.06,0.06,1.0,1.0,1.3,0,0,0,1.0,1.0,0.96,0.0,0.0,Fulham
313,Harry Wilson,wls WAL,FW,27-003,15.7,3,34,11,32.4,2.17,0.7,0.09,0.27,19.6,3,0,0,2.9,2.9,0.09,0.1,0.1,Fulham
314,Bobby Reid,jm JAM,FW,31-052,13.0,5,25,7,28.0,1.92,0.54,0.2,0.71,15.8,0,0,0,3.8,3.8,0.15,1.2,1.2,Fulham
315,Tom Cairney,sct SCO,MF,33-065,13.8,1,12,5,41.7,0.87,0.36,0.08,0.2,20.9,0,0,0,0.8,0.8,0.06,0.2,0.2,Fulham
316,Tosin Adarabioyo,eng ENG,DF,26-183,13.0,1,10,3,30.0,0.77,0.23,0.1,0.33,15.5,0,0,0,0.6,0.6,0.06,0.4,0.4,Fulham
317,Issa Diop,fr FRA,DF,27-076,12.8,0,4,1,25.0,0.31,0.08,0.0,0.0,15.8,0,0,0,0.2,0.2,0.04,-0.2,-0.2,Fulham
318,Harrison Reed,eng ENG,MF,29-058,12.7,0,7,1,14.3,0.55,0.08,0.0,0.0,22.2,0,0,0,0.2,0.2,0.03,-0.2,-0.2,Fulham
319,Rodrigo Muniz,br BRA,FW,22-326,10.4,7,43,14,32.6,4.13,1.35,0.16,0.5,12.5,0,0,0,5.2,5.2,0.12,1.8,1.8,Fulham
320,Saša Lukić,rs SRB,MF,27-225,8.1,1,9,3,33.3,1.12,0.37,0.11,0.33,18.0,0,0,0,1.3,1.3,0.14,-0.3,-0.3,Fulham
321,Kenny Tete,nl NED,DF,28-168,7.6,1,3,1,33.3,0.4,0.13,0.33,1.0,8.8,0,0,0,0.8,0.8,0.26,0.2,0.2,Fulham
322,Carlos Vinícius,br BRA,FW,29-000,3.5,2,9,5,55.6,2.57,1.43,0.22,0.4,10.9,0,0,0,1.6,1.6,0.18,0.4,0.4,Fulham
323,Adama Traoré,es ESP,"FW,MF",28-060,1.2,1,5,4,80.0,4.17,3.33,0.2,0.25,14.2,0,0,0,1.2,1.2,0.24,-0.2,-0.2,Fulham
324,Luke Harris,wls WAL,MF,18-357,0.8,0,1,1,100.0,1.2,1.2,0.0,0.0,11.2,0,0,0,0.3,0.3,0.28,-0.3,-0.3,Fulham
325,Fodé Ballo-Touré,sn SEN,"DF,MF",27-082,0.6,0,0,0,,0.0,0.0,,,,0,0,0,0.0,0.0,,0.0,0.0,Fulham
326,Armando Broja,al ALB,FW,22-197,0.6,0,0,0,,0.0,0.0,,,,0,0,0,0.0,0.0,,0.0,0.0,Fulham
327,Aleksandar Mitrović,rs SRB,FW,29-191,0.4,0,2,1,50.0,5.45,2.73,0.0,0.0,11.0,0,0,0,0.2,0.2,0.08,-0.2,-0.2,Fulham
328,Illia Zabarnyi,ua UKR,DF,21-206,28.0,1,8,2,25.0,0.29,0.07,0.13,0.5,7.5,0,0,0,1.1,1.1,0.14,-0.1,-0.1,Bournemouth
329,Dominic Solanke,eng ENG,FW,26-193,27.7,15,84,29,34.5,3.03,1.05,0.17,0.48,12.0,0,1,2,16.1,14.5,0.17,-1.1,-0.5,Bournemouth
330,Ryan Christie,sct SCO,MF,29-032,24.3,0,32,12,37.5,1.32,0.49,0.0,0.0,19.6,0,0,0,1.5,1.5,0.05,-1.5,-1.5,Bournemouth
331,Neto,br BRA,GK,34-250,26.0,0,0,0,,0.0,0.0,,,,0,0,0,0.0,0.0,,0.0,0.0,Bournemouth
332,Lewis Cook,eng ENG,MF,27-051,21.0,0,7,3,42.9,0.33,0.14,0.0,0.0,25.1,0,0,0,0.2,0.2,0.02,-0.2,-0.2,Bournemouth
333,Marcus Tavernier,eng ENG,FW,25-003,20.2,2,46,13,28.3,2.28,0.64,0.04,0.15,19.8,3,0,0,3.6,3.6,0.08,-1.6,-1.6,Bournemouth
334,Marcos Senesi,ar ARG,DF,26-320,18.4,3,7,3,42.9,0.38,0.16,0.43,1.0,14.0,0,0,0,1.0,1.0,0.14,2.0,2.0,Bournemouth
335,Antoine Semenyo,gh GHA,FW,24-078,15.8,7,53,23,43.4,3.35,1.45,0.13,0.3,17.9,0,0,0,3.5,3.5,0.07,3.5,3.5,Bournemouth
336,Justin Kluivert,nl NED,"MF,FW",24-325,13.6,4,30,10,33.3,2.21,0.74,0.13,0.4,17.3,1,0,0,3.6,3.6,0.12,0.4,0.4,Bournemouth
337,Milos Kerkez,hu HUN,DF,20-139,16.1,0,8,2,25.0,0.5,0.12,0.0,0.0,20.1,0,0,0,0.4,0.4,0.04,-0.4,-0.4,Bournemouth
338,Adam Smith,eng ENG,DF,32-331,15.8,0,1,0,0.0,0.06,0.0,0.0,,28.8,0,0,0,0.0,0.0,0.02,0.0,0.0,Bournemouth
339,Philip Billing,dk DEN,MF,27-288,13.8,2,25,6,24.0,1.82,0.44,0.08,0.33,20.3,5,0,0,2.1,2.1,0.09,-0.1,-0.1,Bournemouth
340,Max Aarons,eng ENG,DF,24-081,12.1,0,1,0,0.0,0.08,0.0,0.0,,23.9,0,0,0,0.0,0.0,0.02,0.0,0.0,Bournemouth
341,Lloyd Kelly,eng ENG,DF,25-171,11.2,0,2,1,50.0,0.18,0.09,0.0,0.0,11.0,0,0,0,0.1,0.1,0.07,-0.1,-0.1,Bournemouth
342,Alex Scott,eng ENG,MF,20-217,7.7,1,9,2,22.2,1.17,0.26,0.11,0.5,24.5,2,0,0,0.5,0.5,0.05,0.5,0.5,Bournemouth
343,Dango Ouattara,bf BFA,"DF,FW",22-043,7.5,1,20,3,15.0,2.67,0.4,0.05,0.33,14.5,0,0,0,1.9,1.9,0.09,-0.9,-0.9,Bournemouth
344,Luis Sinisterra,co COL,"FW,MF",24-282,7.3,2,26,8,30.8,3.54,1.09,0.08,0.25,13.9,0,0,0,2.5,2.5,0.1,-0.5,-0.5,Bournemouth
345,Chris Mepham,wls WAL,DF,26-141,5.9,0,1,1,100.0,0.17,0.17,0.0,0.0,8.8,0,0,0,0.1,0.1,0.09,-0.1,-0.1,Bournemouth
346,Joe Rothwell,eng ENG,MF,29-074,4.3,0,2,0,0.0,0.47,0.0,0.0,,22.7,0,0,0,0.1,0.1,0.04,-0.1,-0.1,Bournemouth
347,David Brooks,wls WAL,"FW,MF",26-261,3.1,1,13,5,38.5,4.15,1.6,0.08,0.2,17.4,0,0,0,2.2,2.2,0.17,-1.2,-1.2,Bournemouth
348,Ionuț Radu,ro ROU,GK,26-302,2.0,0,0,0,,0.0,0.0,,,,0,0,0,0.0,0.0,,0.0,0.0,Bournemouth
349,Jaidon Anthony,eng ENG,FW,24-115,1.7,0,2,1,50.0,1.18,0.59,0.0,0.0,24.5,0,0,0,0.1,0.1,0.03,-0.1,-0.1,Bournemouth
350,James Hill,eng ENG,DF,22-075,0.8,0,0,0,,0.0,0.0,,,,0,0,0,0.0,0.0,,0.0,0.0,Bournemouth
351,Kieffer Moore,wls WAL,"FW,MF",31-230,1.2,1,6,2,33.3,5.0,1.67,0.17,0.5,12.5,0,0,0,1.5,1.5,0.25,-0.5,-0.5,Bournemouth
352,Enes Ünal,tr TUR,"MF,FW",26-320,1.1,1,11,4,36.4,9.71,3.53,0.09,0.25,12.7,0,0,0,1.1,1.1,0.1,-0.1,-0.1,Bournemouth
353,Hamed Junior Traorè,ci CIV,MF,24-038,0.5,0,3,2,66.7,5.74,3.83,0.0,0.0,25.9,0,0,0,0.2,0.2,0.06,-0.2,-0.2,Bournemouth
354,Tyler Adams,us USA,MF,25-040,0.2,0,0,0,,0.0,0.0,,,,0,0,0,0.0,0.0,,0.0,0.0,Bournemouth
355,Romain Faivre,fr FRA,"MF,DF",25-255,0.2,0,1,0,0.0,5.0,0.0,0.0,,14.3,0,0,0,0.1,0.1,0.14,-0.1,-0.1,Bournemouth
356,Joachim Andersen,dk DEN,DF,27-299,28.0,2,18,8,44.4,0.64,0.29,0.11,0.25,13.5,1,0,0,1.3,1.3,0.07,0.7,0.7,Crystal Palace
357,Tyrick Mitchell,eng ENG,DF,24-206,26.1,1,5,2,40.0,0.19,0.08,0.2,0.5,13.1,0,0,0,0.7,0.7,0.14,0.3,0.3,Crystal Palace
358,Jordan Ayew,gh GHA,"FW,MF",32-196,23.7,4,41,16,39.0,1.73,0.67,0.1,0.25,17.1,0,0,0,3.6,3.6,0.09,0.4,0.4,Crystal Palace
359,Jefferson Lerma,co COL,MF,29-152,22.5,1,32,9,28.1,1.42,0.4,0.03,0.11,19.1,0,0,0,2.6,2.6,0.08,-1.6,-1.6,Crystal Palace
360,Marc Guéhi,eng ENG,DF,23-256,21.2,0,5,0,0.0,0.24,0.0,0.0,,9.7,0,0,0,0.6,0.6,0.13,-0.6,-0.6,Crystal Palace
361,Sam Johnstone,eng ENG,GK,31-000,20.0,0,0,0,,0.0,0.0,,,,0,0,0,0.0,0.0,,0.0,0.0,Crystal Palace
362,Joel Ward,eng ENG,DF,34-148,18.8,0,10,0,0.0,0.53,0.0,0.0,,18.0,0,0,0,0.9,0.9,0.09,-0.9,-0.9,Crystal Palace
363,Odsonne Édouard,fr FRA,"FW,MF",26-069,15.9,6,47,17,36.2,2.96,1.07,0.13,0.35,13.7,3,0,0,5.7,5.7,0.12,0.3,0.3,Crystal Palace
364,Jeffrey Schlupp,gh GHA,"FW,MF",31-093,13.6,1,17,9,52.9,1.25,0.66,0.06,0.11,18.6,0,0,0,1.7,1.7,0.1,-0.7,-0.7,Crystal Palace
365,Chris Richards,us USA,"DF,MF",23-363,16.3,1,6,1,16.7,0.37,0.06,0.17,1.0,9.7,0,0,0,0.3,0.3,0.05,0.7,0.7,Crystal Palace
366,Jean-Philippe Mateta,fr FRA,FW,26-271,16.7,5,24,10,41.7,1.44,0.6,0.13,0.3,13.5,0,2,2,5.0,3.4,0.14,0.0,-0.4,Crystal Palace
367,Eberechi Eze,eng ENG,"MF,FW",25-270,14.6,6,54,20,37.0,3.69,1.37,0.09,0.25,21.5,10,1,1,5.5,4.7,0.09,0.5,0.3,Crystal Palace
368,Will Hughes,eng ENG,MF,28-343,14.6,0,4,2,50.0,0.27,0.14,0.0,0.0,18.4,0,0,0,0.2,0.2,0.05,-0.2,-0.2,Crystal Palace
369,Cheick Doucouré,ml MLI,MF,24-077,10.2,0,6,2,33.3,0.59,0.2,0.0,0.0,21.6,0,0,0,0.3,0.3,0.05,-0.3,-0.3,Crystal Palace
370,Michael Olise,fr FRA,"FW,MF",22-104,8.4,6,30,9,30.0,3.58,1.07,0.17,0.56,17.9,2,1,1,3.2,2.4,0.08,2.8,2.6,Crystal Palace
371,Dean Henderson,eng ENG,GK,27-013,8.0,0,0,0,,0.0,0.0,,,,0,0,0,0.0,0.0,,0.0,0.0,Crystal Palace
372,Nathaniel Clyne,eng ENG,DF,32-355,8.0,0,2,0,0.0,0.25,0.0,0.0,,23.0,0,0,0,0.0,0.0,0.02,0.0,0.0,Crystal Palace
373,Daniel Muñoz,co COL,"DF,MF",27-304,6.0,0,3,0,0.0,0.5,0.0,0.0,,6.6,0,0,0,0.6,0.6,0.21,-0.6,-0.6,Crystal Palace
374,Adam Wharton,eng ENG,MF,19-297,5.1,0,2,0,0.0,0.4,0.0,0.0,,20.1,0,0,0,0.1,0.1,0.06,-0.1,-0.1,Crystal Palace
375,Jaïro Riedewald,nl NED,"MF,FW",27-198,2.0,0,0,0,,0.0,0.0,,,,0,0,0,0.0,0.0,,0.0,0.0,Crystal Palace
376,Matheus França,br BRA,"MF,FW",19-359,2.6,0,8,2,25.0,3.1,0.78,0.0,0.0,21.8,0,0,0,0.4,0.4,0.05,-0.4,-0.4,Crystal Palace
377,Naouirou Ahamada,fr FRA,"MF,FW",21-362,2.6,0,7,1,14.3,2.68,0.38,0.0,0.0,20.1,0,0,0,0.4,0.4,0.05,-0.4,-0.4,Crystal Palace
378,Jesurun Rak Sakyi,eng ENG,"MF,FW",21-172,1.5,0,5,1,20.0,3.31,0.66,0.0,0.0,15.5,0,0,0,0.4,0.4,0.08,-0.4,-0.4,Crystal Palace
379,David Ozoh,eng ENG,MF,18-299,1.5,0,0,0,,0.0,0.0,,,,0,0,0,0.0,0.0,,0.0,0.0,Crystal Palace
380,James Tomkins,eng ENG,DF,34-362,0.1,0,0,0,,0.0,0.0,,,,0,0,0,0.0,0.0,,0.0,0.0,Crystal Palace
381,Remi Matthews,eng ENG,GK,30-044,0.0,0,0,0,,0.0,0.0,,,,0,0,0,0.0,0.0,,0.0,0.0,Crystal Palace
382,Mark Flekken,nl NED,GK,30-286,27.5,0,0,0,,0.0,0.0,,,,0,0,0,0.0,0.0,,0.0,0.0,Brentford
383,Vitaly Janelt,de GER,"MF,DF",25-320,25.7,0,15,5,33.3,0.58,0.19,0.0,0.0,16.6,0,0,0,1.3,1.3,0.09,-1.3,-1.3,Brentford
384,Christian Nørgaard,dk DEN,MF,30-015,24.2,2,33,7,21.2,1.37,0.29,0.06,0.29,14.5,0,0,0,3.4,3.4,0.1,-1.4,-1.4,Brentford
385,Ethan Pinnock,jm JAM,DF,30-301,23.0,1,15,3,20.0,0.65,0.13,0.07,0.33,9.5,0,0,0,1.7,1.7,0.11,-0.7,-0.7,Brentford
386,Yoane Wissa,cd COD,FW,27-204,21.1,7,53,18,34.0,2.51,0.85,0.13,0.39,13.0,0,0,0,8.0,8.0,0.15,-1.0,-1.0,Brentford
387,Nathan Collins,ie IRL,DF,22-330,21.5,1,10,2,20.0,0.47,0.09,0.1,0.5,9.9,0,0,0,1.7,1.7,0.17,-0.7,-0.7,Brentford
388,Mathias Jensen,dk DEN,MF,28-084,17.7,3,12,6,50.0,0.68,0.34,0.25,0.5,27.6,3,0,0,0.6,0.6,0.05,2.4,2.4,Brentford
389,Mads Roerslev,dk DEN,DF,24-275,16.3,1,6,1,16.7,0.37,0.06,0.17,1.0,13.7,0,0,0,0.9,0.9,0.15,0.1,0.1,Brentford
390,Bryan Mbeumo,cm CMR,FW,24-231,14.4,7,38,13,34.2,2.63,0.9,0.11,0.31,17.3,3,3,3,8.5,6.2,0.16,-1.5,-2.2,Brentford
391,Ben Mee,eng ENG,DF,34-186,14.1,2,10,2,20.0,0.71,0.14,0.2,1.0,12.7,0,0,0,1.5,1.5,0.15,0.5,0.5,Brentford
392,Kristoffer Ajer,no NOR,DF,25-343,14.4,1,7,2,28.6,0.49,0.14,0.14,0.5,9.4,0,0,0,0.7,0.7,0.1,0.3,0.3,Brentford
393,Neal Maupay,fr FRA,FW,27-224,13.4,6,34,14,41.2,2.53,1.04,0.18,0.43,13.7,1,0,0,5.3,5.3,0.16,0.7,0.7,Brentford
394,Frank Onyeka,ng NGA,MF,26-084,12.7,0,21,8,38.1,1.66,0.63,0.0,0.0,17.7,0,0,0,1.9,1.9,0.09,-1.9,-1.9,Brentford
395,Keane Lewis-Potter,eng ENG,"FW,DF",23-032,11.5,2,27,11,40.7,2.35,0.96,0.07,0.18,13.6,0,0,0,3.3,3.3,0.12,-1.3,-1.3,Brentford
396,Ivan Toney,eng ENG,FW,28-009,10.0,4,28,14,50.0,2.8,1.4,0.14,0.29,17.2,5,0,0,3.6,3.6,0.13,0.4,0.4,Brentford
397,Aaron Hickey,sct SCO,DF,21-289,7.9,0,7,1,14.3,0.88,0.13,0.0,0.0,25.3,0,0,0,0.2,0.2,0.03,-0.2,-0.2,Brentford
398,Saman Ghoddos,ir IRN,DF,30-201,7.9,1,9,2,22.2,1.15,0.25,0.11,0.5,22.5,0,0,0,0.3,0.3,0.03,0.7,0.7,Brentford
399,Mathias Jørgensen,dk DEN,DF,33-337,7.1,0,3,0,0.0,0.42,0.0,0.0,,12.5,0,0,0,0.2,0.2,0.05,-0.2,-0.2,Brentford
400,Sergio Reguilón,es ESP,DF,27-100,5.7,0,8,1,12.5,1.4,0.17,0.0,0.0,16.8,0,0,0,0.5,0.5,0.07,-0.5,-0.5,Brentford
401,Rico Henry,eng ENG,DF,26-261,4.5,0,2,0,0.0,0.45,0.0,0.0,,19.2,0,0,0,0.1,0.1,0.04,-0.1,-0.1,Brentford
402,Yehor Yarmoliuk,ua UKR,MF,20-024,5.2,0,6,3,50.0,1.15,0.57,0.0,0.0,17.9,0,0,0,0.7,0.7,0.12,-0.7,-0.7,Brentford
403,Kevin Schade,de GER,"FW,MF",22-119,2.9,1,5,2,40.0,1.75,0.7,0.2,0.5,15.8,0,0,0,0.7,0.7,0.14,0.3,0.3,Brentford
404,Mikkel Damsgaard,dk DEN,MF,23-266,4.0,0,4,3,75.0,0.99,0.75,0.0,0.0,13.0,0,0,0,0.6,0.6,0.15,-0.6,-0.6,Brentford
405,Shandon Baptiste,gd GRN,MF,25-352,2.5,1,2,2,100.0,0.79,0.79,0.5,0.5,6.6,0,0,0,0.9,0.9,0.45,0.1,0.1,Brentford
406,Thomas Strakosha,al ALB,GK,29-006,1.5,0,0,0,,0.0,0.0,,,,0,0,0,0.0,0.0,,0.0,0.0,Brentford
407,Michael Olakigbe,eng ENG,"DF,FW",19-335,0.7,0,3,0,0.0,4.58,0.0,0.0,,20.5,0,0,0,0.1,0.1,0.04,-0.1,-0.1,Brentford
408,Josh Dasilva,eng ENG,"DF,FW",25-154,0.3,0,0,0,,0.0,0.0,,,,0,0,0,0.0,0.0,,0.0,0.0,Brentford
409,Myles Peart-Harris,eng ENG,"DF,MF",21-189,0.1,0,0,0,,0.0,0.0,,,,0,0,0,0.0,0.0,,0.0,0.0,Brentford
410,Jordan Pickford,eng ENG,GK,30-018,28.0,0,0,0,,0.0,0.0,,,,0,0,0,0.0,0.0,,0.0,0.0,Everton
411,James Tarkowski,eng ENG,DF,31-127,28.0,1,21,3,14.3,0.75,0.11,0.05,0.33,9.8,0,0,0,2.2,2.2,0.1,-1.2,-1.2,Everton
412,James Garner,eng ENG,MF,23-012,25.7,1,32,10,31.3,1.25,0.39,0.03,0.1,22.4,4,0,0,2.2,2.2,0.07,-1.2,-1.2,Everton
413,Jarrad Branthwaite,eng ENG,DF,21-272,25.0,2,8,3,37.5,0.32,0.12,0.25,0.67,11.3,0,0,0,1.4,1.4,0.18,0.6,0.6,Everton
414,Vitaliy Mykolenko,ua UKR,DF,24-301,22.9,2,24,5,20.8,1.05,0.22,0.08,0.4,18.4,0,0,0,1.5,1.5,0.06,0.5,0.5,Everton
415,Dwight McNeil,eng ENG,"MF,FW",24-124,22.4,2,43,11,25.6,1.92,0.49,0.05,0.18,20.7,0,0,0,2.8,2.8,0.07,-0.8,-0.8,Everton
416,Abdoulaye Doucouré,ml MLI,"FW,MF",31-084,20.4,6,36,17,47.2,1.76,0.83,0.17,0.35,12.4,0,0,0,6.3,6.3,0.19,-0.3,-0.3,Everton
417,Jack Harrison,eng ENG,"MF,FW",27-126,19.2,3,24,8,33.3,1.25,0.42,0.13,0.38,17.0,1,0,0,3.2,3.2,0.13,-0.2,-0.2,Everton
418,Dominic Calvert-Lewin,eng ENG,FW,27-009,17.6,3,52,17,32.7,2.96,0.97,0.06,0.18,12.7,0,0,0,9.3,9.3,0.18,-6.3,-6.3,Everton
419,Ashley Young,eng ENG,"DF,MF",38-260,17.0,0,9,1,11.1,0.53,0.06,0.0,0.0,23.5,3,0,0,0.4,0.4,0.05,-0.4,-0.4,Everton
420,Amadou Onana,be BEL,MF,22-222,18.5,2,24,6,25.0,1.3,0.32,0.08,0.33,19.5,0,0,0,1.8,1.8,0.07,0.2,0.2,Everton
421,Idrissa Gana Gueye,sn SEN,MF,34-181,14.5,1,20,3,15.0,1.38,0.21,0.05,0.33,22.2,0,0,0,1.1,1.1,0.05,-0.1,-0.1,Everton
422,Nathan Patterson,sct SCO,DF,22-161,10.7,0,4,0,0.0,0.37,0.0,0.0,,20.9,0,0,0,0.3,0.3,0.08,-0.3,-0.3,Everton
423,Ben Godfrey,eng ENG,DF,26-070,7.4,0,10,3,30.0,1.34,0.4,0.0,0.0,12.2,0,0,0,1.4,1.4,0.15,-1.4,-1.4,Everton
424,Beto,gw GNB,FW,26-054,8.3,2,34,8,23.5,4.1,0.97,0.06,0.25,15.3,0,0,1,4.7,3.9,0.12,-2.7,-1.9,Everton
425,Arnaut Danjuma,nl NED,"MF,FW",27-054,6.6,1,25,9,36.0,3.78,1.36,0.04,0.11,16.0,1,0,0,2.6,2.6,0.1,-1.6,-1.6,Everton
426,Michael Keane,eng ENG,DF,31-074,4.5,1,6,4,66.7,1.34,0.89,0.17,0.25,10.8,0,0,0,0.7,0.7,0.12,0.3,0.3,Everton
427,Séamus Coleman,ie IRL,DF,35-166,2.6,0,0,0,,0.0,0.0,,,,0,0,0,0.0,0.0,,0.0,0.0,Everton
428,Alex Iwobi,ng NGA,MF,27-327,1.6,0,4,2,50.0,2.57,1.29,0.0,0.0,16.2,0,0,0,0.3,0.3,0.08,-0.3,-0.3,Everton
429,Lewis Dobbin,eng ENG,MF,21-082,2.3,1,5,2,40.0,2.14,0.86,0.2,0.5,15.6,0,0,0,0.3,0.3,0.06,0.7,0.7,Everton
430,André Gomes,pt POR,"MF,FW",30-239,2.2,1,6,4,66.7,2.7,1.8,0.17,0.25,19.6,1,0,0,0.2,0.2,0.04,0.8,0.8,Everton
431,Neal Maupay,fr FRA,FW,27-224,1.2,0,5,4,80.0,4.05,3.24,0.0,0.0,12.5,0,0,0,1.4,1.4,0.29,-1.4,-1.4,Everton
432,Youssef Chermiti,pt POR,FW,19-306,0.8,0,4,1,25.0,5.22,1.3,0.0,0.0,13.5,0,0,0,0.5,0.5,0.13,-0.5,-0.5,Everton
433,Thomas Cannon,ie IRL,FW,21-088,0.0,0,0,0,,0.0,0.0,,,,0,0,0,0.0,0.0,,0.0,0.0,Everton
434,Tyler Onyango,eng ENG,MF,21-021,0.0,0,0,0,,0.0,0.0,,,,0,0,0,0.0,0.0,,0.0,0.0,Everton
435,Thomas Kaminski,be BEL,GK,31-154,29.0,0,0,0,,0.0,0.0,,,,0,0,0,0.0,0.0,,0.0,0.0,Luton Town
436,Alfie Doughty,eng ENG,DF,24-095,23.7,1,20,3,15.0,0.85,0.13,0.05,0.33,16.4,1,0,0,0.9,0.9,0.05,0.1,0.1,Luton Town
437,Carlton Morris,eng ENG,"FW,MF",28-100,22.8,8,50,18,36.0,2.19,0.79,0.08,0.22,13.1,0,4,4,8.5,5.4,0.11,-0.5,-1.4,Luton Town
438,Ross Barkley,eng ENG,MF,30-111,21.8,4,53,12,22.6,2.43,0.55,0.08,0.33,21.2,5,0,0,3.4,3.4,0.06,0.6,0.6,Luton Town
439,Amari'i Bell,jm JAM,DF,29-325,19.1,0,2,2,100.0,0.1,0.1,0.0,0.0,18.8,0,0,0,0.3,0.3,0.13,-0.3,-0.3,Luton Town
440,Teden Mengi,eng ENG,DF,21-330,20.3,1,8,3,37.5,0.39,0.15,0.13,0.33,17.7,0,0,0,0.4,0.4,0.05,0.6,0.6,Luton Town
441,Chiedozie Ogbene,ie IRL,"MF,DF",26-329,21.1,4,32,13,40.6,1.51,0.62,0.13,0.31,15.3,0,0,0,4.1,4.1,0.13,-0.1,-0.1,Luton Town
442,Issa Kaboré,bf BFA,DF,22-318,15.8,0,6,1,16.7,0.38,0.06,0.0,0.0,15.8,0,0,0,0.2,0.2,0.04,-0.2,-0.2,Luton Town
443,Gabriel Osho,ng NGA,DF,25-224,15.5,2,8,2,25.0,0.52,0.13,0.25,1.0,11.6,0,0,0,1.0,1.0,0.13,1.0,1.0,Luton Town
444,Tom Lockyer,wls WAL,DF,29-113,13.0,1,7,1,14.3,0.54,0.08,0.14,1.0,8.5,0,0,0,1.1,1.1,0.15,-0.1,-0.1,Luton Town
445,Elijah Adebayo,eng ENG,FW,26-078,12.9,9,28,12,42.9,2.17,0.93,0.32,0.75,9.5,0,0,0,5.6,5.6,0.2,3.4,3.4,Luton Town
446,Marvelous Nakamba,zw ZIM,MF,30-066,12.6,0,5,0,0.0,0.4,0.0,0.0,,23.6,0,0,0,0.2,0.2,0.04,-0.2,-0.2,Luton Town
447,Reece Burke,eng ENG,DF,27-205,12.5,0,12,3,25.0,0.96,0.24,0.0,0.0,13.4,0,0,0,1.3,1.3,0.13,-1.3,-1.3,Luton Town
448,Tahith Chong,nl NED,MF,24-112,14.2,3,24,6,25.0,1.69,0.42,0.13,0.5,16.5,0,0,0,2.2,2.2,0.09,0.8,0.8,Luton Town
449,Jacob Brown,sct SCO,"MF,FW",25-350,11.3,2,26,6,23.1,2.3,0.53,0.08,0.33,14.1,0,0,0,2.8,2.8,0.11,-0.8,-0.8,Luton Town
450,Albert Sambi Lokonga,be BEL,MF,24-155,9.7,0,7,1,14.3,0.72,0.1,0.0,0.0,22.7,0,0,0,0.4,0.4,0.06,-0.4,-0.4,Luton Town
451,Andros Townsend,eng ENG,"MF,FW",32-253,9.7,1,18,7,38.9,1.85,0.72,0.06,0.14,23.7,2,0,0,1.2,1.2,0.06,-0.2,-0.2,Luton Town
452,Pelly Ruddock Mpanzu,cd COD,MF,30-252,10.2,0,10,1,10.0,0.98,0.1,0.0,0.0,21.0,0,0,0,0.6,0.6,0.06,-0.6,-0.6,Luton Town
453,Jordan Clark,eng ENG,MF,30-185,8.3,0,7,1,14.3,0.85,0.12,0.0,0.0,14.2,0,0,0,0.4,0.4,0.06,-0.4,-0.4,Luton Town
454,Ryan John Giles,eng ENG,"DF,MF",24-059,5.6,0,2,2,100.0,0.36,0.36,0.0,0.0,14.2,0,0,0,0.1,0.1,0.05,-0.1,-0.1,Luton Town
455,Mads Juel Andersen,dk DEN,DF,26-089,4.4,1,3,1,33.3,0.68,0.23,0.33,1.0,9.2,0,0,0,0.3,0.3,0.09,0.7,0.7,Luton Town
456,Cauley Woodrow,eng ENG,"FW,MF",29-114,3.3,1,10,3,30.0,3.05,0.92,0.1,0.33,16.5,0,0,0,1.1,1.1,0.11,-0.1,-0.1,Luton Town
457,Daiki Hashioka,jp JPN,DF,24-313,1.5,0,1,0,0.0,0.67,0.0,0.0,,15.9,0,0,0,0.1,0.1,0.05,-0.1,-0.1,Luton Town
458,Luke Berry,eng ENG,"MF,DF",31-257,0.8,1,2,1,50.0,2.65,1.32,0.5,1.0,8.3,0,0,0,0.5,0.5,0.23,0.5,0.5,Luton Town
459,Zack Nelson,eng ENG,MF,19-183,0.0,0,0,0,,0.0,0.0,,,,0,0,0,0.0,0.0,,0.0,0.0,Luton Town
460,Morgan Gibbs-White,eng ENG,"MF,FW",24-058,26.5,3,52,10,19.2,1.96,0.38,0.04,0.2,20.1,3,1,1,5.2,4.4,0.08,-2.2,-2.4,Nott'ham Forest
461,Murillo,br BRA,DF,21-265,22.2,0,12,5,41.7,0.54,0.23,0.0,0.0,20.6,2,0,0,1.1,1.1,0.09,-1.1,-1.1,Nott'ham Forest
462,Anthony Elanga,se SWE,"FW,MF",21-333,21.5,5,47,20,42.6,2.19,0.93,0.11,0.25,15.8,0,0,0,6.3,6.3,0.13,-1.3,-1.3,Nott'ham Forest
463,Orel Mangala,be BEL,MF,26-007,17.4,1,10,1,10.0,0.58,0.06,0.1,1.0,18.9,0,0,0,0.8,0.8,0.08,0.2,0.2,Nott'ham Forest
464,Nicolás Domínguez,ar ARG,"MF,FW",25-271,15.0,2,20,5,25.0,1.33,0.33,0.1,0.4,16.5,0,0,0,1.2,1.2,0.06,0.8,0.8,Nott'ham Forest
465,Matt Turner,us USA,GK,29-275,17.0,0,0,0,,0.0,0.0,,,,0,0,0,0.0,0.0,,0.0,0.0,Nott'ham Forest
466,Ryan Yates,eng ENG,MF,26-125,15.8,0,18,4,22.2,1.14,0.25,0.0,0.0,18.2,0,0,0,1.7,1.7,0.1,-1.7,-1.7,Nott'ham Forest
467,Harry Toffolo,eng ENG,DF,28-219,14.7,1,8,5,62.5,0.54,0.34,0.13,0.2,14.4,0,0,0,1.6,1.6,0.21,-0.6,-0.6,Nott'ham Forest
468,Willy Boly,ci CIV,DF,33-051,12.1,1,12,5,41.7,1.0,0.41,0.08,0.2,10.6,0,0,0,1.3,1.3,0.11,-0.3,-0.3,Nott'ham Forest
469,Moussa Niakhate,sn SEN,DF,28-017,12.9,1,5,1,20.0,0.39,0.08,0.2,1.0,9.0,0,0,0,1.1,1.1,0.22,-0.1,-0.1,Nott'ham Forest
470,Neco Williams,wls WAL,DF,22-347,12.9,0,7,1,14.3,0.54,0.08,0.0,0.0,19.6,0,0,0,0.3,0.3,0.05,-0.3,-0.3,Nott'ham Forest
471,Danilo,br BRA,"MF,FW",22-331,12.5,1,14,4,28.6,1.12,0.32,0.07,0.25,22.6,0,0,0,0.6,0.6,0.05,0.4,0.4,Nott'ham Forest
472,Taiwo Awoniyi,ng NGA,FW,26-226,11.4,6,22,11,50.0,1.93,0.97,0.27,0.55,11.5,0,0,0,4.7,4.7,0.22,1.3,1.3,Nott'ham Forest
473,Ola Aina,ng NGA,DF,27-169,11.0,1,6,1,16.7,0.55,0.09,0.17,1.0,26.3,0,0,0,0.2,0.2,0.03,0.8,0.8,Nott'ham Forest
474,Ibrahim Sangaré,ci CIV,MF,26-114,10.4,0,7,0,0.0,0.67,0.0,0.0,,15.3,0,0,0,0.6,0.6,0.09,-0.6,-0.6,Nott'ham Forest
475,Callum Hudson-Odoi,eng ENG,"FW,MF",23-139,12.1,4,16,8,50.0,1.33,0.66,0.25,0.5,17.8,0,0,0,1.2,1.2,0.08,2.8,2.8,Nott'ham Forest
476,Chris Wood,nz NZL,FW,32-109,11.5,9,24,14,58.3,2.08,1.21,0.38,0.64,10.5,0,0,0,6.0,6.0,0.25,3.0,3.0,Nott'ham Forest
477,Serge Aurier,ci CIV,"DF,MF",31-092,9.3,0,6,1,16.7,0.65,0.11,0.0,0.0,16.0,0,0,0,0.2,0.2,0.03,-0.2,-0.2,Nott'ham Forest
478,Matz Sels,be BEL,GK,32-028,7.0,0,0,0,,0.0,0.0,,,,0,0,0,0.0,0.0,,0.0,0.0,Nott'ham Forest
479,Gonzalo Montiel,ar ARG,DF,27-084,5.5,0,2,0,0.0,0.36,0.0,0.0,,17.2,0,0,0,0.1,0.1,0.05,-0.1,-0.1,Nott'ham Forest
480,Andrew Omobamidele,ie IRL,DF,21-276,5.5,0,0,0,,0.0,0.0,,,,0,0,0,0.0,0.0,,0.0,0.0,Nott'ham Forest
481,Divock Origi,be BEL,FW,28-342,5.2,0,10,2,20.0,1.91,0.38,0.0,0.0,20.2,0,0,0,1.1,1.1,0.11,-1.1,-1.1,Nott'ham Forest
482,Nuno Tavares,pt POR,DF,24-059,5.1,0,7,1,14.3,1.38,0.2,0.0,0.0,26.1,0,0,0,0.2,0.2,0.02,-0.2,-0.2,Nott'ham Forest
483,Odisseas Vlachodimos,gr GRE,GK,29-334,5.0,0,0,0,,0.0,0.0,,,,0,0,0,0.0,0.0,,0.0,0.0,Nott'ham Forest
484,Joe Worrall,eng ENG,DF,27-075,4.9,0,2,0,0.0,0.41,0.0,0.0,,10.6,0,0,0,0.1,0.1,0.06,-0.1,-0.1,Nott'ham Forest
485,Scott McKenna,sct SCO,DF,27-134,4.6,0,2,0,0.0,0.43,0.0,0.0,,10.8,0,0,0,0.2,0.2,0.1,-0.2,-0.2,Nott'ham Forest
486,Felipe,br BRA,DF,34-314,3.2,0,2,0,0.0,0.63,0.0,0.0,,6.9,0,0,0,0.1,0.1,0.06,-0.1,-0.1,Nott'ham Forest
487,Brennan Johnson,wls WAL,"FW,MF",22-307,2.6,0,3,0,0.0,1.14,0.0,0.0,,19.7,0,0,0,0.3,0.3,0.11,-0.3,-0.3,Nott'ham Forest
488,Cheikhou Kouyaté,sn SEN,MF,34-095,2.3,0,5,1,20.0,2.15,0.43,0.0,0.0,19.8,0,0,0,0.3,0.3,0.06,-0.3,-0.3,Nott'ham Forest
489,Gio Reyna,us USA,"MF,FW",21-133,0.5,0,1,0,0.0,2.2,0.0,0.0,,25.0,0,0,0,0.1,0.1,0.06,-0.1,-0.1,Nott'ham Forest
490,Andrey Santos,br BRA,MF,19-327,0.1,0,2,0,0.0,22.5,0.0,0.0,,22.6,0,0,0,0.1,0.1,0.03,-0.1,-0.1,Nott'ham Forest
491,Brandon Aguilera,cr CRC,FW,20-271,0.1,0,0,0,,0.0,0.0,,,,0,0,0,0.0,0.0,,0.0,0.0,Nott'ham Forest
492,Rodrigo Ribeiro,pt POR,FW,18-332,0.0,0,0,0,,0.0,0.0,,,,0,0,0,0.0,0.0,,0.0,0.0,Nott'ham Forest
493,James Trafford,eng ENG,GK,21-167,28.0,0,0,0,,0.0,0.0,,,,0,0,0,0.0,0.0,,0.0,0.0,Burnley
494,Sander Berge,no NOR,MF,26-040,24.4,1,20,3,15.0,0.82,0.12,0.05,0.33,16.7,0,0,0,1.7,1.7,0.09,-0.7,-0.7,Burnley
495,Zeki Amdouni,ch SUI,FW,23-112,19.8,4,40,21,52.5,2.02,1.06,0.1,0.19,17.3,0,0,0,4.3,4.3,0.11,-0.3,-0.3,Burnley
496,Dara O'Shea,ie IRL,DF,25-021,24.4,1,13,3,23.1,0.53,0.12,0.08,0.33,10.2,0,0,0,0.5,0.5,0.04,0.5,0.5,Burnley
497,Josh Brownhill,eng ENG,MF,28-097,22.5,3,24,9,37.5,1.06,0.4,0.13,0.33,20.7,0,0,0,1.6,1.6,0.07,1.4,1.4,Burnley
498,Charlie Taylor,eng ENG,DF,30-189,20.1,1,9,1,11.1,0.45,0.05,0.11,1.0,26.7,0,0,0,0.2,0.2,0.02,0.8,0.8,Burnley
499,Vitinho,br BRA,"DF,MF",24-246,18.8,0,15,1,6.7,0.8,0.05,0.0,0.0,19.1,0,0,0,1.0,1.0,0.07,-1.0,-1.0,Burnley
500,Wilson Odobert,fr FRA,"MF,FW",19-118,14.7,3,31,9,29.0,2.11,0.61,0.1,0.33,19.2,0,0,0,1.9,1.9,0.06,1.1,1.1,Burnley
501,Jordan Beyer,de GER,DF,23-311,13.7,0,5,0,0.0,0.36,0.0,0.0,,8.2,0,0,0,0.5,0.5,0.1,-0.5,-0.5,Burnley
502,Josh Cullen,ie IRL,MF,27-353,14.0,0,7,1,14.3,0.5,0.07,0.0,0.0,24.7,0,0,0,0.2,0.2,0.03,-0.2,-0.2,Burnley
503,Lyle Foster,za RSA,FW,23-204,12.6,4,20,9,45.0,1.59,0.72,0.2,0.44,16.3,0,0,0,2.0,2.0,0.1,2.0,2.0,Burnley
504,Luca Koleosho,it ITA,"MF,FW",19-192,10.8,1,23,5,21.7,2.13,0.46,0.04,0.2,18.5,0,0,0,2.0,2.0,0.09,-1.0,-1.0,Burnley
505,Ameen Al-Dakhil,be BEL,DF,22-019,11.7,1,8,3,37.5,0.68,0.26,0.13,0.33,16.0,0,0,0,1.3,1.3,0.16,-0.3,-0.3,Burnley
506,Jóhann Berg Guðmundsson,is ISL,MF,33-150,11.7,0,10,3,30.0,0.86,0.26,0.0,0.0,15.3,1,0,0,0.9,0.9,0.09,-0.9,-0.9,Burnley
507,Connor Roberts,wls WAL,DF,28-184,9.1,0,0,0,,0.0,0.0,,,,0,0,0,0.0,0.0,,0.0,0.0,Burnley
508,Jay Rodriguez,eng ENG,FW,34-240,8.1,2,17,6,35.3,2.09,0.74,0.06,0.17,13.0,0,1,1,3.0,2.2,0.13,-1.0,-1.2,Burnley
509,Jacob Bruun Larsen,dk DEN,"MF,FW",25-188,7.4,3,22,6,27.3,2.98,0.81,0.09,0.33,20.9,6,1,1,2.5,1.7,0.08,0.5,0.3,Burnley
510,Lorenz Assignon,tg TOG,DF,23-277,6.9,0,2,0,0.0,0.29,0.0,0.0,,22.4,0,0,0,0.1,0.1,0.03,-0.1,-0.1,Burnley
511,David Datro Fofana,ci CIV,FW,21-094,6.6,4,14,8,57.1,2.11,1.21,0.29,0.5,15.5,0,0,0,3.4,3.4,0.24,0.6,0.6,Burnley
512,Maxime Estève,fr FRA,DF,21-304,6.1,0,2,0,0.0,0.33,0.0,0.0,,18.0,0,0,0,0.1,0.1,0.04,-0.1,-0.1,Burnley
513,Hannes Delcroix,be BEL,DF,25-026,6.5,0,4,2,50.0,0.61,0.31,0.0,0.0,11.2,0,0,0,0.4,0.4,0.09,-0.4,-0.4,Burnley
514,Aaron Ramsey,eng ENG,"MF,FW",21-064,5.9,0,6,2,33.3,1.02,0.34,0.0,0.0,16.5,0,0,0,0.3,0.3,0.06,-0.3,-0.3,Burnley
515,Hjalmar Ekdal,se SWE,DF,25-156,3.6,0,2,1,50.0,0.55,0.28,0.0,0.0,16.4,0,0,0,0.1,0.1,0.03,-0.1,-0.1,Burnley
516,Mike Trésor,be BEL,"FW,MF",24-302,4.5,0,5,0,0.0,1.11,0.0,0.0,,19.7,1,0,0,0.5,0.5,0.09,-0.5,-0.5,Burnley
517,Anass Zaroury,ma MAR,"FW,MF",23-139,1.7,0,3,1,33.3,1.78,0.59,0.0,0.0,20.9,0,0,0,0.2,0.2,0.06,-0.2,-0.2,Burnley
518,Benson Manuel,be BEL,"MF,FW",26-363,1.0,0,3,1,33.3,2.93,0.98,0.0,0.0,24.1,0,0,0,0.0,0.0,0.01,0.0,0.0,Burnley
519,Arijanet Muric,xk KVX,GK,25-139,1.0,0,0,0,,0.0,0.0,,,,0,0,0,0.0,0.0,,0.0,0.0,Burnley
520,Nathan Redmond,eng ENG,"FW,MF",30-019,1.6,0,0,0,,0.0,0.0,,,,0,0,0,0.0,0.0,,0.0,0.0,Burnley
521,Michael Obafemi,ie IRL,"FW,MF",23-263,0.2,0,2,0,0.0,9.0,0.0,0.0,,19.8,0,0,0,0.1,0.1,0.05,-0.1,-0.1,Burnley
522,Jack Cork,eng ENG,MF,34-274,0.2,0,0,0,,0.0,0.0,,,,0,0,0,0.0,0.0,,0.0,0.0,Burnley
523,Han-Noah Massengo,fr FRA,"MF,DF",22-262,0.2,0,0,0,,0.0,0.0,,,,0,0,0,0.0,0.0,,0.0,0.0,Burnley
524,Jack Robinson,eng ENG,DF,30-206,25.8,1,9,3,33.3,0.35,0.12,0.11,0.33,11.6,0,0,0,1.0,1.0,0.12,0.0,0.0,Sheffield Utd
525,Vinicius Souza,br BRA,MF,24-282,24.1,1,10,4,40.0,0.42,0.17,0.1,0.25,22.4,0,0,0,0.4,0.4,0.04,0.6,0.6,Sheffield Utd
526,Wes Foderingham,eng ENG,GK,33-071,24.4,0,0,0,,0.0,0.0,,,,0,0,0,0.0,0.0,,0.0,0.0,Sheffield Utd
527,Gustavo Hamer,nl NED,MF,26-275,22.9,3,32,7,21.9,1.4,0.31,0.09,0.43,23.6,3,0,0,2.2,2.2,0.07,0.8,0.8,Sheffield Utd
528,Jayden Bogle,eng ENG,DF,23-242,21.3,1,19,6,31.6,0.89,0.28,0.05,0.17,16.7,0,0,0,1.4,1.4,0.07,-0.4,-0.4,Sheffield Utd
529,Anel Ahmedhodžić,ba BIH,DF,24-365,20.4,1,15,3,20.0,0.73,0.15,0.07,0.33,12.4,0,0,0,2.5,2.5,0.17,-1.5,-1.5,Sheffield Utd
530,Auston Trusty,us USA,DF,25-226,19.7,0,6,1,16.7,0.3,0.05,0.0,0.0,14.4,0,0,0,0.3,0.3,0.05,-0.3,-0.3,Sheffield Utd
531,James Mcatee,eng ENG,"MF,FW",21-159,17.4,3,21,6,28.6,1.2,0.34,0.1,0.33,18.8,2,1,1,2.4,1.7,0.08,0.6,0.3,Sheffield Utd
532,Cameron Archer,eng ENG,"FW,MF",22-248,16.1,4,29,7,24.1,1.8,0.43,0.14,0.57,16.2,0,0,0,3.9,3.9,0.14,0.1,0.1,Sheffield Utd
533,Oliver Norwood,nir NIR,MF,32-348,15.6,1,14,5,35.7,0.89,0.32,0.0,0.0,32.9,0,1,1,1.1,0.3,0.02,-0.1,-0.3,Sheffield Utd
534,George Baldock,gr GRE,DF,31-016,10.8,0,1,0,0.0,0.09,0.0,0.0,,22.2,0,0,0,0.0,0.0,0.02,0.0,0.0,Sheffield Utd
535,Luke Thomas,eng ENG,DF,22-289,10.2,0,6,1,16.7,0.59,0.1,0.0,0.0,15.1,0,0,0,0.5,0.5,0.09,-0.5,-0.5,Sheffield Utd
536,Oliver McBurnie,sct SCO,FW,27-295,10.1,4,22,11,50.0,2.19,1.09,0.09,0.18,12.6,0,2,2,4.2,2.6,0.12,-0.2,-0.6,Sheffield Utd
537,William Osula,dk DEN,FW,20-234,8.1,0,20,7,35.0,2.47,0.86,0.0,0.0,14.2,0,0,0,1.6,1.6,0.08,-1.6,-1.6,Sheffield Utd
538,Andre Brooks,eng ENG,"MF,DF",20-218,7.2,0,5,1,20.0,0.69,0.14,0.0,0.0,20.6,0,0,0,0.2,0.2,0.05,-0.2,-0.2,Sheffield Utd
539,Ben Osborn,eng ENG,"DF,MF",29-233,7.8,0,2,0,0.0,0.26,0.0,0.0,,19.5,0,0,0,0.2,0.2,0.08,-0.2,-0.2,Sheffield Utd
540,John Egan,ie IRL,DF,31-157,5.4,0,3,1,33.3,0.56,0.19,0.0,0.0,10.3,0,0,0,0.2,0.2,0.05,-0.2,-0.2,Sheffield Utd
541,Yasser Larouci,dz ALG,DF,23-084,4.7,0,5,1,20.0,1.07,0.21,0.0,0.0,20.5,0,0,0,0.2,0.2,0.04,-0.2,-0.2,Sheffield Utd
542,Anis Ben Slimane,tn TUN,MF,23-009,4.1,0,6,3,50.0,1.48,0.74,0.0,0.0,18.6,0,0,0,0.7,0.7,0.11,-0.7,-0.7,Sheffield Utd
543,Ivo Grbić,hr CRO,GK,28-067,3.6,0,0,0,,0.0,0.0,,,,0,0,0,0.0,0.0,,0.0,0.0,Sheffield Utd
544,Ben Brereton,cl CHI,"MF,FW",24-342,2.8,2,7,5,71.4,2.48,1.77,0.29,0.4,15.5,0,0,0,1.1,1.1,0.16,0.9,0.9,Sheffield Utd
545,Max Lowe,eng ENG,"DF,MF",26-319,4.4,0,2,0,0.0,0.45,0.0,0.0,,10.4,0,0,0,0.6,0.6,0.29,-0.6,-0.6,Sheffield Utd
546,Bénie Adama Traore,ci CIV,"FW,MF",21-116,4.3,0,1,1,100.0,0.23,0.23,0.0,0.0,15.3,0,0,0,0.3,0.3,0.27,-0.3,-0.3,Sheffield Utd
547,Chris Basham,eng ENG,"DF,MF",35-249,3.6,0,2,0,0.0,0.56,0.0,0.0,,10.8,0,0,0,0.1,0.1,0.06,-0.1,-0.1,Sheffield Utd
548,Rhian Brewster,eng ENG,"FW,MF",23-359,3.4,0,6,3,50.0,1.76,0.88,0.0,0.0,23.7,0,0,0,0.3,0.3,0.04,-0.3,-0.3,Sheffield Utd
549,Mason Holgate,eng ENG,DF,27-155,2.1,0,2,0,0.0,0.94,0.0,0.0,,7.1,0,0,0,0.4,0.4,0.22,-0.4,-0.4,Sheffield Utd
550,Tom Davies,eng ENG,MF,25-269,2.5,0,4,1,25.0,1.63,0.41,0.0,0.0,15.4,0,0,0,0.4,0.4,0.09,-0.4,-0.4,Sheffield Utd
551,Rhys Norrington-Davies,wls WAL,DF,24-338,1.2,0,0,0,,0.0,0.0,,,,0,0,0,0.0,0.0,,0.0,0.0,Sheffield Utd
552,Oliver Arblaster,eng ENG,MF,19-325,1.2,0,1,1,100.0,0.85,0.85,0.0,0.0,16.6,0,0,0,0.0,0.0,0.04,0.0,0.0,Sheffield Utd
553,John Fleck,sct SCO,"MF,DF",32-214,1.0,0,0,0,,0.0,0.0,,,,0,0,0,0.0,0.0,,0.0,0.0,Sheffield Utd
554,Antwoine Hackford,eng ENG,FW,20-005,0.1,0,0,0,,0.0,0.0,,,,0,0,0,0.0,0.0,,0.0,0.0,Sheffield Utd
555,Sydie Peck,eng ENG,MF,19-194,0.1,0,0,0,,0.0,0.0,,,,0,0,0,0.0,0.0,,0.0,0.0,Sheffield Utd
556,Ryan One,sct SCO,FW,17-273,0.1,0,0,0,,0.0,0.0,,,,0,0,0,0.0,0.0,,0.0,0.0,Sheffield Utd
557,William Saliba,fr FRA,DF,23-001,28.0,2,8,2,25.0,0.29,0.07,0.25,1.0,11.0,0,0,0,1.5,1.5,0.19,0.5,0.5,Arsenal
558,Declan Rice,eng ENG,MF,25-071,26.6,6,40,14,35.0,1.51,0.53,0.15,0.43,20.9,2,0,0,2.2,2.2,0.06,3.8,3.8,Arsenal
559,Bukayo Saka,eng ENG,FW,22-202,25.1,13,77,24,31.2,3.06,0.95,0.12,0.38,16.9,0,4,4,11.5,8.4,0.11,1.5,0.6,Arsenal
560,Martin Ødegaard,no NOR,MF,25-099,24.5,6,53,16,30.2,2.16,0.65,0.08,0.25,20.8,2,2,2,5.6,4.0,0.07,0.4,0.0,Arsenal
561,Ben White,eng ENG,DF,26-169,23.7,2,8,4,50.0,0.34,0.17,0.25,0.5,13.7,0,0,0,0.7,0.7,0.09,1.3,1.3,Arsenal
562,Gabriel Dos Santos,br BRA,DF,26-097,24.2,4,23,9,39.1,0.95,0.37,0.17,0.44,7.6,0,0,0,3.3,3.3,0.14,0.7,0.7,Arsenal
563,Gabriel Martinelli,br BRA,FW,22-281,19.4,6,49,15,30.6,2.52,0.77,0.12,0.4,15.7,0,0,0,5.6,5.6,0.11,0.4,0.4,Arsenal
564,David Raya,es ESP,GK,28-192,22.0,0,0,0,,0.0,0.0,,,,0,0,0,0.0,0.0,,0.0,0.0,Arsenal
565,Kai Havertz,de GER,"MF,FW",24-288,19.8,8,39,12,30.8,1.97,0.61,0.18,0.58,12.6,0,1,1,7.8,7.0,0.18,0.2,0.0,Arsenal
566,Oleksandr Zinchenko,ua UKR,DF,27-101,16.0,1,15,3,20.0,0.94,0.19,0.07,0.33,22.4,0,0,0,0.5,0.5,0.03,0.5,0.5,Arsenal
567,Gabriel Jesus,br BRA,FW,26-357,12.7,4,42,17,40.5,3.31,1.34,0.1,0.24,11.6,0,0,0,5.4,5.4,0.13,-1.4,-1.4,Arsenal
568,Eddie Nketiah,eng ENG,FW,24-300,11.7,5,36,11,30.6,3.08,0.94,0.14,0.45,12.6,0,0,0,4.4,4.4,0.12,0.6,0.6,Arsenal
569,Leandro Trossard,be BEL,"FW,MF",29-112,11.3,7,40,14,35.0,3.53,1.24,0.18,0.5,16.3,0,0,0,5.3,5.3,0.13,1.7,1.7,Arsenal
570,Jakub Kiwior,pl POL,DF,24-039,8.8,1,6,2,33.3,0.69,0.23,0.17,0.5,13.8,0,0,0,0.8,0.8,0.14,0.2,0.2,Arsenal
571,Jorginho,it ITA,MF,32-096,8.1,0,4,0,0.0,0.49,0.0,0.0,,24.6,0,0,0,0.1,0.1,0.02,-0.1,-0.1,Arsenal
572,Aaron Ramsdale,eng ENG,GK,25-316,6.0,0,0,0,,0.0,0.0,,,,0,0,0,0.0,0.0,,0.0,0.0,Arsenal
573,Takehiro Tomiyasu,jp JPN,DF,25-141,7.0,1,8,2,25.0,1.14,0.28,0.13,0.5,17.8,0,0,0,0.5,0.5,0.06,0.5,0.5,Arsenal
574,Thomas Partey,gh GHA,"DF,MF",30-286,3.1,0,2,1,50.0,0.65,0.32,0.0,0.0,17.0,0,0,0,0.1,0.1,0.04,-0.1,-0.1,Arsenal
575,Fabio Vieira,pt POR,"MF,FW",23-300,3.2,1,5,1,20.0,1.57,0.31,0.0,0.0,18.3,0,1,1,1.2,0.4,0.08,-0.2,-0.4,Arsenal
576,Emile Smith Rowe,eng ENG,MF,23-241,2.6,0,10,4,40.0,3.83,1.53,0.0,0.0,15.9,0,0,0,1.5,1.5,0.15,-1.5,-1.5,Arsenal
577,Jurriën Timber,nl NED,DF,22-282,0.5,0,0,0,,0.0,0.0,,,,0,0,0,0.0,0.0,,0.0,0.0,Arsenal
578,Reiss Nelson,eng ENG,"FW,MF",24-106,2.2,0,3,1,33.3,1.39,0.46,0.0,0.0,22.3,0,0,0,0.1,0.1,0.03,-0.1,-0.1,Arsenal
579,Cédric Soares,pt POR,DF,32-207,0.7,0,0,0,,0.0,0.0,,,,0,0,0,0.0,0.0,,0.0,0.0,Arsenal
580,Mohamed Elneny,eg EGY,MF,31-258,0.3,0,2,1,50.0,6.43,3.21,0.0,0.0,25.8,0,0,0,0.1,0.1,0.04,-0.1,-0.1,Arsenal
581,Ethan Nwaneri,eng ENG,FW,17-004,0.2,0,0,0,,0.0,0.0,,,,0,0,0,0.0,0.0,,0.0,0.0,Arsenal
582,Virgil van Dijk,nl NED,DF,32-261,25.3,2,29,10,34.5,1.15,0.4,0.07,0.2,12.4,1,0,0,2.1,2.1,0.07,-0.1,-0.1,Liverpool
583,Luis Díaz,co COL,FW,27-072,20.4,6,67,22,32.8,3.28,1.08,0.09,0.27,15.5,0,0,0,8.6,8.6,0.13,-2.6,-2.6,Liverpool
584,Alexis Mac Allister,ar ARG,MF,25-092,20.1,3,23,5,21.7,1.14,0.25,0.09,0.4,25.8,0,1,1,2.0,1.2,0.05,1.0,0.8,Liverpool
585,Alisson,br BRA,GK,31-175,21.0,0,0,0,,0.0,0.0,,,,0,0,0,0.0,0.0,,0.0,0.0,Liverpool
586,Dominik Szoboszlai,hu HUN,MF,23-152,19.2,3,45,11,24.4,2.34,0.57,0.07,0.27,25.4,7,0,0,2.4,2.4,0.05,0.6,0.6,Liverpool
587,Mohamed Salah,eg EGY,FW,31-284,20.2,15,64,28,43.8,3.17,1.39,0.17,0.39,16.3,1,4,6,15.0,10.1,0.16,0.0,0.9,Liverpool
588,Trent Alexander-Arnold,eng ENG,DF,25-170,18.0,2,30,4,13.3,1.66,0.22,0.07,0.5,24.2,3,0,0,1.8,1.5,0.05,0.2,0.5,Liverpool
589,Darwin Núñez,uy URU,FW,24-275,17.5,10,85,37,43.5,4.87,2.12,0.12,0.27,15.0,0,0,1,13.5,12.7,0.15,-3.5,-2.7,Liverpool
590,Joe Gomez,eng ENG,DF,26-307,16.1,0,14,1,7.1,0.87,0.06,0.0,0.0,18.8,0,0,0,0.6,0.6,0.04,-0.6,-0.6,Liverpool
591,Ibrahima Konaté,fr FRA,DF,24-305,14.8,0,8,2,25.0,0.54,0.14,0.0,0.0,12.5,0,0,0,0.4,0.4,0.05,-0.4,-0.4,Liverpool
592,Diogo Jota,pt POR,FW,27-112,11.6,9,36,17,47.2,3.09,1.46,0.25,0.53,12.5,0,0,0,4.4,4.4,0.12,4.6,4.6,Liverpool
593,Cody Gakpo,nl NED,"FW,MF",24-323,12.9,5,41,16,39.0,3.17,1.24,0.12,0.31,16.0,0,0,0,6.0,6.0,0.15,-1.0,-1.0,Liverpool
594,Wataru Endo,jp JPN,MF,31-045,12.2,1,8,2,25.0,0.66,0.16,0.13,0.5,23.2,0,0,0,0.3,0.3,0.04,0.7,0.7,Liverpool
595,Curtis Jones,eng ENG,MF,23-055,10.6,1,15,4,26.7,1.41,0.38,0.07,0.25,17.0,0,0,0,1.8,1.8,0.12,-0.8,-0.8,Liverpool
596,Andrew Robertson,sct SCO,DF,30-014,11.8,1,4,2,50.0,0.34,0.17,0.25,0.5,8.7,0,0,0,0.7,0.7,0.18,0.3,0.3,Liverpool
597,Ryan Gravenberch,nl NED,MF,21-314,9.4,0,15,6,40.0,1.6,0.64,0.0,0.0,20.6,0,0,0,1.5,1.5,0.1,-1.5,-1.5,Liverpool
598,Joël Matip,cm CMR,DF,32-230,8.7,0,5,0,0.0,0.58,0.0,0.0,,10.6,0,0,0,0.5,0.5,0.1,-0.5,-0.5,Liverpool
599,Kostas Tsimikas,gr GRE,DF,27-318,7.5,0,3,0,0.0,0.4,0.0,0.0,,23.8,0,0,0,0.1,0.1,0.03,-0.1,-0.1,Liverpool
600,Caoimhín Kelleher,ie IRL,GK,25-123,7.0,0,0,0,,0.0,0.0,,,,0,0,0,0.0,0.0,,0.0,0.0,Liverpool
601,Harvey Elliott,eng ENG,"MF,FW",20-356,9.3,2,29,9,31.0,3.11,0.97,0.07,0.22,22.9,1,0,0,1.3,1.3,0.05,0.7,0.7,Liverpool
602,Jarell Quansah,eng ENG,DF,21-056,5.9,0,3,1,33.3,0.51,0.17,0.0,0.0,15.8,0,0,0,0.1,0.1,0.04,-0.1,-0.1,Liverpool
603,Conor Bradley,nir NIR,DF,20-260,4.9,1,8,4,50.0,1.63,0.82,0.13,0.25,17.2,0,0,0,0.7,0.7,0.09,0.3,0.3,Liverpool
604,Bobby Clark,eng ENG,MF,19-047,1.0,0,2,0,0.0,2.02,0.0,0.0,,18.7,0,0,0,0.1,0.1,0.07,-0.1,-0.1,Liverpool
605,Ben Doak,sct SCO,FW,18-135,0.2,0,0,0,,0.0,0.0,,,,0,0,0,0.0,0.0,,0.0,0.0,Liverpool
606,Jayden Danns,eng ENG,FW,18-069,0.1,0,0,0,,0.0,0.0,,,,0,0,0,0.0,0.0,,0.0,0.0,Liverpool
607,Owen Beck,wls WAL,DF,21-229,0.1,0,0,0,,0.0,0.0,,,,0,0,0,0.0,0.0,,0.0,0.0,Liverpool
608,Thiago Alcántara,es ESP,MF,32-349,0.1,0,0,0,,0.0,0.0,,,,0,0,0,0.0,0.0,,0.0,0.0,Liverpool
609,James McConnell,eng ENG,MF,19-194,0.0,0,0,0,,0.0,0.0,,,,0,0,0,0.0,0.0,,0.0,0.0,Liverpool
610,Kaide Gordon,eng ENG,FW,19-172,0.0,0,0,0,,0.0,0.0,,,,0,0,0,0.0,0.0,,0.0,0.0,Liverpool
611,Ederson,br BRA,GK,30-221,25.7,0,0,0,,0.0,0.0,,,,0,0,0,0.0,0.0,,0.0,0.0,Manchester City
612,Phil Foden,eng ENG,"FW,MF",23-302,25.7,11,85,35,41.2,3.31,1.36,0.13,0.31,18.1,1,0,0,8.5,8.5,0.1,2.5,2.5,Manchester City
613,Julián Álvarez,ar ARG,"MF,FW",24-054,24.4,8,74,29,39.2,3.03,1.19,0.09,0.24,18.6,12,1,1,9.0,8.2,0.11,-1.0,-1.2,Manchester City
614,Kyle Walker,eng ENG,DF,33-302,25.1,0,16,3,18.8,0.64,0.12,0.0,0.0,29.4,1,0,0,0.4,0.4,0.02,-0.4,-0.4,Manchester City
615,Rodri,es ESP,MF,27-277,24.1,6,51,17,33.3,2.12,0.71,0.12,0.35,20.8,0,0,0,3.3,3.3,0.06,2.7,2.7,Manchester City
616,Erling Haaland,no NOR,FW,23-248,21.4,18,87,39,44.8,4.07,1.83,0.17,0.38,11.5,1,3,4,20.9,17.8,0.21,-2.9,-2.8,Manchester City
617,Rúben Dias,pt POR,DF,26-316,21.4,0,16,7,43.8,0.75,0.33,0.0,0.0,14.2,0,0,0,1.1,1.1,0.07,-1.1,-1.1,Manchester City
618,Bernardo Silva,pt POR,"MF,FW",29-228,21.1,6,28,12,42.9,1.33,0.57,0.21,0.5,16.0,0,0,0,2.9,2.9,0.1,3.1,3.1,Manchester City
619,Nathan Aké,nl NED,DF,29-036,19.2,2,18,4,22.2,0.94,0.21,0.11,0.5,11.3,0,0,0,1.6,1.6,0.09,0.4,0.4,Manchester City
620,Manuel Akanji,ch SUI,"DF,MF",28-250,18.6,2,10,4,40.0,0.54,0.21,0.2,0.5,19.6,0,0,0,0.9,0.9,0.09,1.1,1.1,Manchester City
621,Joško Gvardiol,hr CRO,DF,22-062,16.4,0,18,7,38.9,1.1,0.43,0.0,0.0,18.4,0,0,0,1.0,1.0,0.05,-1.0,-1.0,Manchester City
622,Jeremy Doku,be BEL,"FW,MF",21-303,13.3,2,34,10,29.4,2.55,0.75,0.06,0.2,16.8,0,0,0,1.4,1.4,0.04,0.6,0.6,Manchester City
623,John Stones,eng ENG,"DF,MF",29-302,10.6,1,4,2,50.0,0.38,0.19,0.25,0.5,15.9,0,0,0,1.0,1.0,0.26,0.0,0.0,Manchester City
624,Mateo Kovačić,hr CRO,MF,29-324,10.8,0,13,3,23.1,1.2,0.28,0.0,0.0,21.6,0,0,0,0.8,0.8,0.06,-0.8,-0.8,Manchester City
625,Jack Grealish,eng ENG,FW,28-197,7.9,3,16,5,31.3,2.04,0.64,0.19,0.6,15.6,0,0,0,1.9,1.9,0.12,1.1,1.1,Manchester City
626,Matheus Nunes,pt POR,"MF,FW",25-211,5.6,0,3,2,66.7,0.53,0.36,0.0,0.0,17.8,0,0,0,0.4,0.4,0.12,-0.4,-0.4,Manchester City
627,Kevin De Bruyne,be BEL,MF,32-271,5.5,1,18,4,22.2,3.29,0.73,0.06,0.25,22.7,4,0,0,1.0,1.0,0.06,0.0,0.0,Manchester City
628,Rico Lewis,eng ENG,"MF,DF",19-125,5.0,1,2,2,100.0,0.4,0.4,0.5,0.5,16.5,0,0,0,0.3,0.3,0.16,0.7,0.7,Manchester City
629,Stefan Ortega,de GER,GK,31-140,2.3,0,0,0,,0.0,0.0,,,,0,0,0,0.0,0.0,,0.0,0.0,Manchester City
630,Oscar Bobb,no NOR,"FW,MF",20-257,2.0,1,3,1,33.3,1.5,0.5,0.33,1.0,9.1,0,0,0,1.3,1.3,0.43,-0.3,-0.3,Manchester City
631,Kalvin Phillips,eng ENG,MF,28-114,1.0,0,2,0,0.0,1.94,0.0,0.0,,21.7,0,0,0,0.1,0.1,0.04,-0.1,-0.1,Manchester City
632,Sergio Gómez,es ESP,FW,23-203,0.2,0,0,0,,0.0,0.0,,,,0,0,0,0.0,0.0,,0.0,0.0,Manchester City
633,Aymeric Laporte,es ESP,DF,29-303,0.1,0,1,1,100.0,7.5,7.5,0.0,0.0,10.8,0,0,0,0.0,0.0,0.04,0.0,0.0,Manchester City
634,Cole Palmer,eng ENG,MF,21-324,0.1,0,0,0,,0.0,0.0,,,,0,0,0,0.0,0.0,,0.0,0.0,Manchester City
635,James Mcatee,eng ENG,MF,21-159,0.0,0,0,0,,0.0,0.0,,,,0,0,0,0.0,0.0,,0.0,0.0,Manchester City
636,Ollie Watkins,eng ENG,FW,28-086,28.5,16,88,40,45.5,3.09,1.4,0.18,0.4,12.7,0,0,0,14.3,14.3,0.17,1.7,1.7,Aston Villa
637,Emiliano Martínez,ar ARG,GK,31-205,28.0,0,0,0,,0.0,0.0,,,,0,0,0,0.0,0.0,,0.0,0.0,Aston Villa
638,Douglas Luiz,br BRA,MF,25-321,26.9,9,42,12,28.6,1.56,0.45,0.12,0.42,23.7,5,4,4,6.6,3.5,0.08,2.4,1.5,Aston Villa
639,John McGinn,sct SCO,"MF,FW",29-159,26.4,6,35,14,40.0,1.33,0.53,0.17,0.43,19.5,3,0,0,4.3,4.3,0.12,1.7,1.7,Aston Villa
640,Ezri Konsa,eng ENG,DF,26-154,25.1,0,13,4,30.8,0.52,0.16,0.0,0.0,11.1,0,0,0,2.0,2.0,0.15,-2.0,-2.0,Aston Villa
641,Matty Cash,pl POL,DF,26-231,21.1,2,31,13,41.9,1.47,0.62,0.06,0.15,15.4,0,0,0,4.1,4.1,0.14,-2.1,-2.1,Aston Villa
642,Pau Torres,es ESP,DF,27-069,20.4,2,10,4,40.0,0.49,0.2,0.2,0.5,16.2,0,0,0,0.9,0.9,0.09,1.1,1.1,Aston Villa
643,Boubacar Kamara,fr FRA,MF,24-123,18.4,0,5,1,20.0,0.27,0.05,0.0,0.0,16.7,0,0,0,0.1,0.1,0.03,-0.1,-0.1,Aston Villa
644,Lucas Digne,fr FRA,DF,30-249,18.5,1,15,4,26.7,0.81,0.22,0.07,0.25,20.2,4,0,0,0.8,0.8,0.05,0.2,0.2,Aston Villa
645,Moussa Diaby,fr FRA,"FW,MF",24-262,17.5,4,42,16,38.1,2.41,0.92,0.1,0.25,16.1,0,0,0,5.1,5.1,0.12,-1.1,-1.1,Aston Villa
646,Leon Bailey,jm JAM,"MF,FW",26-229,16.6,8,44,15,34.1,2.65,0.9,0.18,0.53,16.9,1,0,0,4.7,4.7,0.11,3.3,3.3,Aston Villa
647,Diego Carlos,br BRA,DF,31-010,13.0,0,5,1,20.0,0.39,0.08,0.0,0.0,8.0,0,0,0,0.6,0.6,0.12,-0.6,-0.6,Aston Villa
648,Clément Lenglet,fr FRA,DF,28-282,10.8,0,6,1,16.7,0.55,0.09,0.0,0.0,11.8,0,0,0,0.8,0.8,0.13,-0.8,-0.8,Aston Villa
649,Youri Tielemans,be BEL,"MF,FW",26-323,12.7,1,11,4,36.4,0.86,0.31,0.09,0.25,19.3,0,0,0,1.1,1.1,0.1,-0.1,-0.1,Aston Villa
650,Álex Moreno,es ESP,DF,30-291,10.4,2,8,4,50.0,0.77,0.38,0.25,0.5,12.3,0,0,0,1.1,1.1,0.14,0.9,0.9,Aston Villa
651,Jacob Ramsey,eng ENG,"MF,FW",22-302,9.5,1,19,4,21.1,2.0,0.42,0.05,0.25,15.9,0,0,0,2.2,2.2,0.11,-1.2,-1.2,Aston Villa
652,Nicolò Zaniolo,it ITA,"MF,FW",24-267,6.9,2,21,7,33.3,3.05,1.02,0.1,0.29,13.8,0,0,0,2.0,2.0,0.09,0.0,0.0,Aston Villa
653,Jhon Durán,co COL,"FW,MF",20-103,2.6,2,12,4,33.3,4.7,1.57,0.17,0.5,16.7,0,0,0,1.3,1.3,0.11,0.7,0.7,Aston Villa
654,Morgan Rogers,eng ENG,MF,21-243,1.4,0,4,2,50.0,2.93,1.46,0.0,0.0,17.4,0,0,0,0.4,0.4,0.09,-0.4,-0.4,Aston Villa
655,Leander Dendoncker,be BEL,MF,28-345,1.3,1,2,1,50.0,1.51,0.76,0.5,1.0,12.5,0,0,0,0.7,0.7,0.37,0.3,0.3,Aston Villa
656,Robin Olsen,se SWE,GK,34-077,1.0,0,0,0,,0.0,0.0,,,,0,0,0,0.0,0.0,,0.0,0.0,Aston Villa
657,Tyrone Mings,eng ENG,DF,31-012,0.3,0,1,0,0.0,3.0,0.0,0.0,,18.4,0,0,0,0.0,0.0,0.01,0.0,0.0,Aston Villa
658,Tim Iroegbunam,eng ENG,MF,20-269,0.7,0,0,0,,0.0,0.0,,,,0,0,0,0.0,0.0,,0.0,0.0,Aston Villa
659,Calum Chambers,eng ENG,DF,29-065,0.5,0,0,0,,0.0,0.0,,,,0,0,0,0.0,0.0,,0.0,0.0,Aston Villa
660,Philippe Coutinho,br BRA,"MF,FW",31-287,0.3,0,3,1,33.3,10.8,3.6,0.0,0.0,24.9,0,0,0,0.1,0.1,0.05,-0.1,-0.1,Aston Villa
661,Bertrand Traoré,bf BFA,"DF,FW",28-201,0.1,0,0,0,,0.0,0.0,,,,0,0,0,0.0,0.0,,0.0,0.0,Aston Villa
662,Cameron Archer,eng ENG,MF,22-248,0.1,0,0,0,,0.0,0.0,,,,0,0,0,0.0,0.0,,0.0,0.0,Aston Villa
663,Jaden Philogene Bidace,eng ENG,FW,22-046,0.0,0,0,0,,0.0,0.0,,,,0,0,0,0.0,0.0,,0.0,0.0,Aston Villa
664,Guglielmo Vicario,it ITA,GK,27-170,28.0,0,0,0,,0.0,0.0,,,,0,0,0,0.0,0.0,,0.0,0.0,Tottenham
665,Pedro Porro,es ESP,DF,24-194,25.0,0,37,6,16.2,1.48,0.24,0.0,0.0,20.9,3,0,0,2.2,2.2,0.06,-2.2,-2.2,Tottenham
666,Dejan Kulusevski,se SWE,"FW,MF",23-335,24.5,6,44,17,38.6,1.79,0.69,0.14,0.35,15.9,0,0,0,3.5,3.5,0.08,2.5,2.5,Tottenham
667,Son Heung-min,kr KOR,FW,31-261,23.0,14,60,28,46.7,2.6,1.22,0.22,0.46,15.0,0,1,1,8.0,7.3,0.12,6.0,5.7,Tottenham
668,Destiny Udogie,it ITA,DF,21-118,22.6,2,8,4,50.0,0.35,0.18,0.25,0.5,9.2,0,0,0,2.3,2.3,0.29,-0.3,-0.3,Tottenham
669,Cristian Romero,ar ARG,DF,25-333,21.0,4,13,5,38.5,0.62,0.24,0.31,0.8,11.1,0,0,0,1.6,1.6,0.13,2.4,2.4,Tottenham
670,Pape Matar Sarr,sn SEN,MF,21-193,16.5,3,29,12,41.4,1.76,0.73,0.1,0.25,17.3,0,0,0,2.6,2.6,0.09,0.4,0.4,Tottenham
671,Yves Bissouma,ml MLI,MF,27-208,17.2,0,18,4,22.2,1.05,0.23,0.0,0.0,25.1,1,0,0,1.2,1.2,0.07,-1.2,-1.2,Tottenham
672,Micky van de Ven,nl NED,DF,22-341,17.0,1,5,1,20.0,0.29,0.06,0.2,1.0,16.9,0,0,0,0.3,0.3,0.07,0.7,0.7,Tottenham
673,James Maddison,eng ENG,MF,27-123,16.2,4,40,19,47.5,2.47,1.17,0.1,0.21,18.9,2,0,0,4.2,4.2,0.1,-0.2,-0.2,Tottenham
674,Richarlison,br BRA,FW,26-320,15.1,10,58,23,39.7,3.85,1.53,0.17,0.43,13.3,0,0,0,8.8,8.8,0.15,1.2,1.2,Tottenham
675,Brennan Johnson,wls WAL,FW,22-307,14.2,4,33,15,45.5,2.33,1.06,0.12,0.27,13.7,0,0,0,5.8,5.8,0.18,-1.8,-1.8,Tottenham
676,Ben Davies,wls WAL,DF,30-336,11.1,1,12,2,16.7,1.08,0.18,0.08,0.5,11.8,0,0,0,2.3,2.3,0.19,-1.3,-1.3,Tottenham
677,Emerson,br BRA,DF,25-071,10.7,1,5,3,60.0,0.47,0.28,0.2,0.33,21.4,0,0,0,0.2,0.2,0.03,0.8,0.8,Tottenham
678,Rodrigo Bentancur,uy URU,MF,26-274,5.9,1,9,2,22.2,1.52,0.34,0.11,0.5,15.3,0,0,0,1.0,1.0,0.12,0.0,0.0,Tottenham
679,Pierre Højbjerg,dk DEN,MF,28-233,11.3,0,12,3,25.0,1.06,0.27,0.0,0.0,26.4,1,0,0,0.4,0.4,0.04,-0.4,-0.4,Tottenham
680,Timo Werner,de GER,FW,28-019,4.9,2,20,6,30.0,4.06,1.22,0.1,0.33,14.1,0,0,0,2.7,2.7,0.13,-0.7,-0.7,Tottenham
681,Oliver Skipp,eng ENG,"MF,FW",23-191,6.5,0,3,1,33.3,0.46,0.15,0.0,0.0,12.6,0,0,0,0.6,0.6,0.2,-0.6,-0.6,Tottenham
682,Giovani Lo Celso,ar ARG,MF,27-351,4.7,2,9,5,55.6,1.91,1.06,0.22,0.4,22.0,0,0,0,0.4,0.4,0.05,1.6,1.6,Tottenham
683,Manor Solomon,il ISR,FW,24-245,2.2,0,7,1,14.3,3.17,0.45,0.0,0.0,16.8,0,0,0,0.4,0.4,0.06,-0.4,-0.4,Tottenham
684,Bryan Gil,es ESP,"FW,MF",23-043,2.2,0,3,1,33.3,1.38,0.46,0.0,0.0,11.4,0,0,0,0.7,0.7,0.24,-0.7,-0.7,Tottenham
685,Eric Dier,eng ENG,DF,30-070,2.2,0,0,0,,0.0,0.0,,,,0,0,0,0.0,0.0,,0.0,0.0,Tottenham
686,Radu Drăgușin,ro ROU,DF,22-051,1.6,0,1,0,0.0,0.63,0.0,0.0,,10.4,0,0,0,0.1,0.1,0.14,-0.1,-0.1,Tottenham
687,Ivan Perišić,hr CRO,FW,35-052,1.1,0,2,0,0.0,1.75,0.0,0.0,,13.0,0,0,0,0.1,0.1,0.06,-0.1,-0.1,Tottenham
688,Davinson Sánchez,co COL,DF,27-287,0.9,0,1,0,0.0,1.17,0.0,0.0,,8.6,0,0,0,0.1,0.1,0.12,-0.1,-0.1,Tottenham
689,Alejo Véliz,ar ARG,FW,20-188,0.6,1,2,1,50.0,3.6,1.8,0.5,1.0,8.9,0,0,0,0.2,0.2,0.12,0.8,0.8,Tottenham
690,Jamie Donley,eng ENG,FW,19-082,0.0,0,0,0,,0.0,0.0,,,,0,0,0,0.0,0.0,,0.0,0.0,Tottenham
691,Dane Scarlett,eng ENG,FW,20-001,0.0,0,0,0,,0.0,0.0,,,,0,0,0,0.0,0.0,,0.0,0.0,Tottenham
692,André Onana,cm CMR,GK,27-358,28.0,0,0,0,,0.0,0.0,,,,0,0,0,0.0,0.0,,0.0,0.0,Manchester Utd
693,Bruno Fernandes,pt POR,"MF,FW",29-199,27.0,4,68,24,35.3,2.52,0.89,0.03,0.08,22.5,11,2,3,7.2,4.9,0.07,-3.2,-2.9,Manchester Utd
694,Diogo Dalot,pt POR,DF,25-007,25.3,1,21,4,19.0,0.83,0.16,0.05,0.25,20.6,0,0,0,0.9,0.9,0.04,0.1,0.1,Manchester Utd
695,Marcus Rashford,eng ENG,FW,26-146,22.1,7,57,18,31.6,2.58,0.81,0.09,0.28,16.9,1,2,2,7.1,5.5,0.1,-0.1,-0.5,Manchester Utd
696,Alejandro Garnacho,ar ARG,FW,19-268,19.6,5,66,16,24.2,3.36,0.81,0.08,0.31,15.7,0,0,0,5.7,5.6,0.09,-0.7,-0.6,Manchester Utd
697,Rasmus Højlund,dk DEN,FW,21-050,16.3,7,29,15,51.7,1.78,0.92,0.24,0.47,11.1,0,0,0,6.5,6.5,0.23,0.5,0.5,Manchester Utd
698,Casemiro,br BRA,MF,32-031,13.1,1,26,6,23.1,1.99,0.46,0.04,0.17,17.9,1,0,0,2.4,2.4,0.09,-1.4,-1.4,Manchester Utd
699,Scott McTominay,sct SCO,"MF,FW",27-108,16.4,7,35,17,48.6,2.14,1.04,0.2,0.41,14.1,0,0,0,5.1,5.1,0.15,1.9,1.9,Manchester Utd
700,Raphaël Varane,fr FRA,DF,30-335,14.0,1,8,2,25.0,0.57,0.14,0.13,0.5,9.2,0,0,0,1.3,1.3,0.16,-0.3,-0.3,Manchester Utd
701,Kobbie Mainoo,eng ENG,MF,18-341,12.3,1,5,2,40.0,0.41,0.16,0.2,0.5,23.1,0,0,0,0.2,0.2,0.04,0.8,0.8,Manchester Utd
702,Victor Lindelöf,se SWE,DF,29-252,14.0,1,6,4,66.7,0.43,0.29,0.17,0.25,10.4,0,0,0,0.8,0.8,0.13,0.2,0.2,Manchester Utd
703,Harry Maguire,eng ENG,DF,31-020,12.9,1,13,2,15.4,1.01,0.16,0.08,0.5,10.3,0,0,0,1.7,1.7,0.13,-0.7,-0.7,Manchester Utd
704,Jonny Evans,nir NIR,DF,36-082,12.1,0,1,0,0.0,0.08,0.0,0.0,,5.4,0,0,0,0.1,0.1,0.06,-0.1,-0.1,Manchester Utd
705,Luke Shaw,eng ENG,DF,28-257,10.7,0,2,0,0.0,0.19,0.0,0.0,,21.2,0,0,0,0.0,0.0,0.02,0.0,0.0,Manchester Utd
706,Antony,br BRA,FW,24-030,10.6,0,26,5,19.2,2.46,0.47,0.0,0.0,19.0,0,0,0,1.5,1.5,0.06,-1.5,-1.5,Manchester Utd
707,Aaron Wan-Bissaka,eng ENG,DF,26-120,9.8,0,2,1,50.0,0.2,0.1,0.0,0.0,24.5,0,0,0,0.1,0.1,0.04,-0.1,-0.1,Manchester Utd
708,Christian Eriksen,dk DEN,MF,32-040,9.9,1,9,4,44.4,0.91,0.41,0.11,0.25,21.5,1,0,0,0.7,0.7,0.08,0.3,0.3,Manchester Utd
709,Sofyan Amrabat,ma MAR,"MF,DF",27-217,7.1,0,2,0,0.0,0.28,0.0,0.0,,23.7,0,0,0,0.1,0.1,0.03,-0.1,-0.1,Manchester Utd
710,Lisandro Martínez,ar ARG,DF,26-067,6.2,0,0,0,,0.0,0.0,,,,0,0,0,0.0,0.0,,0.0,0.0,Manchester Utd
711,Anthony Martial,fr FRA,FW,28-111,5.0,1,6,4,66.7,1.21,0.8,0.17,0.25,12.9,0,0,0,1.2,1.2,0.2,-0.2,-0.2,Manchester Utd
712,Sergio Reguilón,es ESP,DF,27-100,4.6,0,4,0,0.0,0.87,0.0,0.0,,18.1,0,0,0,0.2,0.2,0.05,-0.2,-0.2,Manchester Utd
713,Mason Mount,eng ENG,MF,25-075,4.4,0,3,0,0.0,0.68,0.0,0.0,,13.2,0,0,0,0.2,0.2,0.07,-0.2,-0.2,Manchester Utd
714,Facundo Pellistri,uy URU,"FW,MF",22-096,1.9,0,4,2,50.0,2.09,1.05,0.0,0.0,11.5,0,0,0,0.7,0.7,0.18,-0.7,-0.7,Manchester Utd
715,Hannibal Mejbri,tn TUN,"MF,FW",21-064,1.5,1,1,1,100.0,0.68,0.68,1.0,1.0,28.7,0,0,0,0.0,0.0,0.03,1.0,1.0,Manchester Utd
716,Willy Kambwala,fr FRA,DF,19-213,1.2,0,0,0,,0.0,0.0,,,,0,0,0,0.0,0.0,,0.0,0.0,Manchester Utd
717,Omari Forson,eng ENG,FW,19-249,0.7,0,1,0,0.0,1.36,0.0,0.0,,21.6,0,0,0,0.0,0.0,0.03,0.0,0.0,Manchester Utd
718,Jadon Sancho,eng ENG,"FW,MF",24-000,0.9,0,0,0,,0.0,0.0,,,,0,0,0,0.0,0.0,,0.0,0.0,Manchester Utd
719,Amad Diallo,ci CIV,FW,21-258,0.5,0,1,1,100.0,1.87,1.87,0.0,0.0,14.6,0,0,0,0.1,0.1,0.05,-0.1,-0.1,Manchester Utd
720,Donny van de Beek,nl NED,DF,26-342,0.0,0,1,0,0.0,30.0,0.0,0.0,,16.1,0,0,0,0.0,0.0,0.04,0.0,0.0,Manchester Utd
721,Daniel Gore,eng ENG,MF,19-181,0.0,0,0,0,,0.0,0.0,,,,0,0,0,0.0,0.0,,0.0,0.0,Manchester Utd
722,Jarrod Bowen,eng ENG,FW,27-096,28.0,14,65,30,46.2,2.33,1.07,0.22,0.47,13.9,0,0,0,9.3,9.3,0.14,4.7,4.7,West Ham
723,Vladimír Coufal,cz CZE,DF,31-216,26.6,0,4,1,25.0,0.15,0.04,0.0,0.0,21.7,0,0,0,0.2,0.2,0.04,-0.2,-0.2,West Ham
724,James Ward-Prowse,eng ENG,MF,29-145,26.0,5,30,11,36.7,1.15,0.42,0.1,0.27,21.9,10,2,2,5.5,3.9,0.14,-0.5,-0.9,West Ham
725,Emerson Palmieri,it ITA,DF,29-235,26.2,1,15,3,20.0,0.57,0.11,0.07,0.33,18.6,0,0,0,1.1,1.1,0.07,-0.1,-0.1,West Ham
726,Alphonse Areola,fr FRA,GK,31-027,25.5,0,0,0,,0.0,0.0,,,,0,0,0,0.0,0.0,,0.0,0.0,West Ham
727,Tomáš Souček,cz CZE,MF,29-027,24.8,6,36,12,33.3,1.45,0.48,0.17,0.5,10.5,0,0,0,6.0,6.0,0.17,0.0,0.0,West Ham
728,Kurt Zouma,fr FRA,DF,29-150,23.2,2,14,6,42.9,0.6,0.26,0.14,0.33,9.2,0,0,0,1.5,1.5,0.11,0.5,0.5,West Ham
729,Edson Álvarez,mx MEX,MF,26-153,21.9,1,17,3,17.6,0.78,0.14,0.06,0.33,21.1,0,0,0,1.3,1.3,0.08,-0.3,-0.3,West Ham
730,Lucas Paquetá,br BRA,"FW,MF",26-211,20.4,3,32,7,21.9,1.57,0.34,0.06,0.29,17.8,1,1,1,4.2,3.4,0.11,-1.2,-1.4,West Ham
731,Nayef Aguerd,ma MAR,DF,27-361,19.6,1,14,3,21.4,0.71,0.15,0.07,0.33,10.8,0,0,0,1.5,1.5,0.11,-0.5,-0.5,West Ham
732,Kudus Mohammed,gh GHA,"FW,MF",23-236,18.7,6,44,12,27.3,2.36,0.64,0.14,0.5,18.7,0,0,0,3.4,3.4,0.08,2.6,2.6,West Ham
733,Michail Antonio,jm JAM,FW,33-363,11.4,3,16,6,37.5,1.41,0.53,0.19,0.5,12.6,0,0,0,2.5,2.5,0.16,0.5,0.5,West Ham
734,Konstantinos Mavropanos,gr GRE,DF,26-105,12.0,1,10,1,10.0,0.83,0.08,0.1,1.0,9.1,0,0,0,1.1,1.1,0.11,-0.1,-0.1,West Ham
735,Saïd Benrahma,dz ALG,"FW,MF",28-228,6.9,0,18,5,27.8,2.61,0.73,0.0,0.0,19.8,0,0,1,1.8,1.0,0.06,-1.8,-1.0,West Ham
736,Pablo Fornals,es ESP,"MF,FW",28-032,4.7,0,7,3,42.9,1.48,0.63,0.0,0.0,20.1,0,0,0,0.3,0.3,0.04,-0.3,-0.3,West Ham
737,Ben Johnson,eng ENG,"DF,FW",24-061,4.7,0,5,1,20.0,1.06,0.21,0.0,0.0,25.4,0,0,0,0.2,0.2,0.03,-0.2,-0.2,West Ham
738,Angelo Ogbonna,it ITA,DF,35-307,3.6,0,0,0,,0.0,0.0,,,,0,0,0,0.0,0.0,,0.0,0.0,West Ham
739,Łukasz Fabiański,pl POL,GK,38-342,3.5,0,0,0,,0.0,0.0,,,,0,0,0,0.0,0.0,,0.0,0.0,West Ham
740,Kalvin Phillips,eng ENG,MF,28-114,3.0,0,3,2,66.7,1.0,0.66,0.0,0.0,25.8,0,0,0,0.1,0.1,0.03,-0.1,-0.1,West Ham
741,Aaron Cresswell,eng ENG,DF,34-101,2.7,0,0,0,,0.0,0.0,,,,0,0,0,0.0,0.0,,0.0,0.0,West Ham
742,Danny Ings,eng ENG,FW,31-246,2.9,1,9,3,33.3,3.07,1.02,0.11,0.33,13.4,0,0,0,1.1,1.1,0.13,-0.1,-0.1,West Ham
743,Maxwel Cornet,ci CIV,"MF,FW",27-180,1.2,1,4,1,25.0,3.43,0.86,0.25,1.0,12.5,0,0,0,0.4,0.4,0.1,0.6,0.6,West Ham
744,Divin Mubama,eng ENG,FW,19-152,0.9,0,1,0,0.0,1.13,0.0,0.0,,12.5,0,0,0,0.1,0.1,0.15,-0.1,-0.1,West Ham
745,Thilo Kehrer,de GER,"DF,MF",27-186,0.2,0,0,0,,0.0,0.0,,,,0,0,0,0.0,0.0,,0.0,0.0,West Ham
746,Pascal Groß,de GER,"MF,DF",32-284,24.6,4,44,15,34.1,1.79,0.61,0.07,0.2,19.5,4,1,1,5.3,4.6,0.1,-1.3,-1.6,Brighton
747,Lewis Dunk,eng ENG,DF,32-125,23.4,3,29,9,31.0,1.24,0.38,0.1,0.33,13.7,4,0,0,2.9,2.9,0.1,0.1,0.1,Brighton
748,Jan Paul van Hecke,nl NED,DF,23-291,21.3,0,13,6,46.2,0.61,0.28,0.0,0.0,10.2,0,0,0,1.1,1.1,0.09,-1.1,-1.1,Brighton
749,Billy Gilmour,sct SCO,MF,22-288,19.8,0,23,5,21.7,1.16,0.25,0.0,0.0,25.7,0,0,0,0.9,0.9,0.04,-0.9,-0.9,Brighton
750,Simon Adingra,ci CIV,FW,22-084,16.1,6,33,15,45.5,2.05,0.93,0.18,0.4,16.1,0,0,0,3.1,3.1,0.1,2.9,2.9,Brighton
751,Kaoru Mitoma,jp JPN,FW,26-310,16.5,3,34,15,44.1,2.06,0.91,0.09,0.2,13.2,0,0,0,3.5,3.5,0.1,-0.5,-0.5,Brighton
752,Evan Ferguson,ie IRL,FW,19-158,15.1,6,33,20,60.6,2.19,1.32,0.18,0.3,15.5,0,0,0,4.6,4.6,0.14,1.4,1.4,Brighton
753,Jason Steele,eng ENG,GK,33-220,15.0,0,0,0,,0.0,0.0,,,,0,0,0,0.0,0.0,,0.0,0.0,Brighton
754,Danny Welbeck,eng ENG,"FW,MF",33-120,11.4,3,28,12,42.9,2.45,1.05,0.11,0.25,15.8,1,0,0,3.6,3.6,0.13,-0.6,-0.6,Brighton
755,Bart Verbruggen,nl NED,GK,21-220,13.0,0,0,0,,0.0,0.0,,,,0,0,0,0.0,0.0,,0.0,0.0,Brighton
756,João Pedro,br BRA,"FW,MF",22-181,15.5,8,44,15,34.1,2.84,0.97,0.09,0.27,15.0,0,4,4,8.4,5.2,0.12,-0.4,-1.2,Brighton
757,Pervis Estupiñán,ec ECU,DF,26-064,11.7,2,10,6,60.0,0.86,0.51,0.2,0.33,18.8,0,0,0,0.9,0.9,0.09,1.1,1.1,Brighton
758,Facundo Buonanotte,ar ARG,"MF,FW",19-093,10.5,3,16,6,37.5,1.53,0.57,0.19,0.5,16.9,0,0,0,1.9,1.9,0.12,1.1,1.1,Brighton
759,Joël Veltman,nl NED,DF,32-070,12.6,0,2,2,100.0,0.16,0.16,0.0,0.0,20.4,0,0,0,0.1,0.1,0.05,-0.1,-0.1,Brighton
760,Igor,br BRA,DF,26-047,11.1,0,2,0,0.0,0.18,0.0,0.0,,16.2,0,0,0,0.1,0.1,0.06,-0.1,-0.1,Brighton
761,James Milner,eng ENG,"DF,MF",38-081,8.6,0,5,1,20.0,0.58,0.12,0.0,0.0,17.2,0,0,0,0.3,0.3,0.06,-0.3,-0.3,Brighton
762,Adam Lallana,eng ENG,MF,35-320,7.4,0,5,2,40.0,0.68,0.27,0.0,0.0,18.2,0,0,0,0.3,0.3,0.06,-0.3,-0.3,Brighton
763,Adam Webster,eng ENG,DF,29-081,8.5,0,5,0,0.0,0.59,0.0,0.0,,10.6,0,0,0,0.3,0.3,0.05,-0.3,-0.3,Brighton
764,Carlos Baleba,cm CMR,MF,20-082,8.5,0,12,2,16.7,1.41,0.24,0.0,0.0,23.9,0,0,0,0.6,0.6,0.05,-0.6,-0.6,Brighton
765,Jack Hinshelwood,eng ENG,DF,18-349,9.7,3,14,8,57.1,1.45,0.83,0.21,0.38,9.2,0,0,0,1.9,1.9,0.14,1.1,1.1,Brighton
766,Tariq Lamptey,gh GHA,"DF,FW",23-177,6.6,0,5,0,0.0,0.76,0.0,0.0,,19.1,0,0,0,0.4,0.4,0.08,-0.4,-0.4,Brighton
767,Solly March,eng ENG,"FW,DF",29-249,6.2,3,14,6,42.9,2.27,0.97,0.21,0.5,16.6,1,0,0,2.0,2.0,0.14,1.0,1.0,Brighton
768,Mahmoud Dahoud,de GER,MF,28-084,5.0,0,6,1,16.7,1.19,0.2,0.0,0.0,26.8,0,0,0,0.2,0.2,0.04,-0.2,-0.2,Brighton
769,Ansu Fati,es ESP,"MF,FW",21-146,5.3,2,23,10,43.5,4.35,1.89,0.09,0.2,14.3,0,0,0,3.3,3.3,0.14,-1.3,-1.3,Brighton
770,Julio Enciso,py PAR,"MF,FW",20-062,1.6,0,10,3,30.0,6.12,1.84,0.0,0.0,21.5,0,0,0,0.5,0.5,0.05,-0.5,-0.5,Brighton
771,Jakub Moder,pl POL,"MF,DF",24-353,2.5,0,4,1,25.0,1.63,0.41,0.0,0.0,11.9,0,0,0,0.3,0.3,0.08,-0.3,-0.3,Brighton
772,Benicio Boaitey,eng ENG,"DF,FW",20-076,0.2,0,0,0,,0.0,0.0,,,,0,0,0,0.0,0.0,,0.0,0.0,Brighton
773,Max Kilman,eng ENG,DF,26-307,28.0,2,10,5,50.0,0.36,0.18,0.2,0.4,8.9,0,0,0,1.6,1.6,0.16,0.4,0.4,Wolves
774,Nélson Semedo,pt POR,"DF,MF",30-130,26.1,0,13,3,23.1,0.5,0.12,0.0,0.0,20.3,0,0,0,0.9,0.9,0.07,-0.9,-0.9,Wolves
775,José Sá,pt POR,GK,31-068,24.7,0,0,0,,0.0,0.0,,,,0,0,0,0.0,0.0,,0.0,0.0,Wolves
776,Craig Dawson,eng ENG,DF,33-324,24.5,1,16,5,31.3,0.65,0.2,0.06,0.2,11.2,0,0,0,1.5,1.5,0.09,-0.5,-0.5,Wolves
777,Mario Lemina,ga GAB,MF,30-206,24.2,4,36,13,36.1,1.49,0.54,0.11,0.31,15.7,0,0,0,4.1,4.1,0.11,-0.1,-0.1,Wolves
778,Matheus Cunha,br BRA,"FW,MF",24-303,21.8,9,59,30,50.8,2.71,1.38,0.14,0.27,18.3,0,1,1,8.2,7.4,0.13,0.8,0.6,Wolves
779,João Gomes,br BRA,MF,23-042,20.2,2,18,5,27.8,0.89,0.25,0.11,0.4,20.0,0,0,0,1.1,1.1,0.06,0.9,0.9,Wolves
780,Toti Gomes,pt POR,DF,25-069,20.8,0,7,2,28.6,0.34,0.1,0.0,0.0,8.0,0,0,0,1.0,1.0,0.14,-1.0,-1.0,Wolves
781,Rayan Aït-Nouri,dz ALG,"DF,MF",22-293,18.9,1,15,3,20.0,0.79,0.16,0.07,0.33,15.9,0,0,0,1.9,1.9,0.13,-0.9,-0.9,Wolves
782,Hwang Hee-chan,kr KOR,"FW,MF",28-059,18.0,10,35,12,34.3,1.94,0.67,0.26,0.75,12.6,0,1,1,6.3,5.6,0.16,3.7,3.4,Wolves
783,Pedro Neto,pt POR,"FW,MF",24-016,16.7,2,35,11,31.4,2.1,0.66,0.06,0.18,16.5,2,0,0,3.4,3.4,0.1,-1.4,-1.4,Wolves
784,Pablo Sarabia,es ESP,"MF,FW",31-319,14.1,3,34,11,32.4,2.4,0.78,0.06,0.18,18.9,5,1,1,3.6,2.8,0.08,-0.6,-0.8,Wolves
785,Jean-Ricner Bellegarde,fr FRA,"MF,FW",25-272,9.0,2,14,5,35.7,1.56,0.56,0.14,0.4,17.2,0,0,0,1.4,1.4,0.1,0.6,0.6,Wolves
786,Tommy Doyle,eng ENG,MF,22-160,9.0,0,7,2,28.6,0.77,0.22,0.0,0.0,27.2,2,0,0,0.2,0.2,0.04,-0.2,-0.2,Wolves
787,Hugo Bueno,es ESP,"DF,MF",21-189,4.8,0,4,0,0.0,0.83,0.0,0.0,,17.3,0,0,0,0.2,0.2,0.06,-0.2,-0.2,Wolves
788,Matt Doherty,ie IRL,"DF,MF",32-069,6.6,1,5,2,40.0,0.76,0.3,0.2,0.5,11.0,0,0,0,0.5,0.5,0.11,0.5,0.5,Wolves
789,Boubacar Traoré,ml MLI,"MF,FW",22-218,4.5,0,4,0,0.0,0.89,0.0,0.0,,28.9,0,0,0,0.1,0.1,0.02,-0.1,-0.1,Wolves
790,Santiago Bueno,uy URU,DF,25-137,3.2,0,0,0,,0.0,0.0,,,,0,0,0,0.0,0.0,,0.0,0.0,Wolves
791,Fábio Silva,pt POR,FW,21-250,2.9,0,7,3,42.9,2.39,1.02,0.0,0.0,13.8,0,0,0,1.0,1.0,0.15,-1.0,-1.0,Wolves
792,Daniel Bentley,eng ENG,GK,30-256,3.3,0,0,0,,0.0,0.0,,,,0,0,0,0.0,0.0,,0.0,0.0,Wolves
793,Matheus Nunes,pt POR,MF,25-211,2.0,0,1,0,0.0,0.5,0.0,0.0,,15.4,0,0,0,0.1,0.1,0.08,-0.1,-0.1,Wolves
794,Nathan Fraser,ie IRL,FW,19-032,1.9,0,2,2,100.0,1.03,1.03,0.0,0.0,17.9,0,0,0,0.3,0.3,0.13,-0.3,-0.3,Wolves
795,Sasa Kalajdzic,at AUT,FW,26-262,1.8,2,4,2,50.0,2.17,1.08,0.5,1.0,11.2,0,0,0,1.1,1.1,0.26,0.9,0.9,Wolves
796,Tawanda Chirewa,eng ENG,"MF,FW",20-166,0.1,0,1,0,0.0,6.92,0.0,0.0,,12.5,0,0,0,0.1,0.1,0.08,-0.1,-0.1,Wolves
797,Jonny Castro,es ESP,MF,30-022,0.1,0,0,0,,0.0,0.0,,,,0,0,0,0.0,0.0,,0.0,0.0,Wolves
798,Fabian Schär,ch SUI,DF,32-096,27.1,3,30,8,26.7,1.11,0.29,0.1,0.38,18.7,2,0,0,2.4,2.4,0.08,0.6,0.6,Newcastle Utd
799,Bruno Guimarães,br BRA,MF,26-130,26.3,3,31,9,29.0,1.18,0.34,0.1,0.33,18.3,0,0,0,2.6,2.6,0.09,0.4,0.4,Newcastle Utd
800,Anthony Gordon,eng ENG,FW,23-030,24.3,9,57,22,38.6,2.35,0.91,0.14,0.36,17.5,0,1,1,7.8,7.0,0.12,1.2,1.0,Newcastle Utd
801,Kieran Trippier,eng ENG,DF,33-188,24.0,1,8,2,25.0,0.33,0.08,0.13,0.5,23.8,4,0,0,0.7,0.7,0.08,0.3,0.3,Newcastle Utd
802,Miguel Almirón,py PAR,FW,30-044,20.4,3,40,11,27.5,1.96,0.54,0.08,0.27,16.3,0,0,0,4.5,4.5,0.11,-1.5,-1.5,Newcastle Utd
803,Dan Burn,eng ENG,DF,31-321,20.3,2,16,5,31.3,0.79,0.25,0.13,0.4,9.0,0,0,0,2.4,2.4,0.16,-0.4,-0.4,Newcastle Utd
804,Sean Longstaff,eng ENG,MF,26-147,21.1,4,24,10,41.7,1.14,0.47,0.17,0.4,15.5,0,0,0,3.6,3.6,0.15,0.4,0.4,Newcastle Utd
805,Alexander Isak,se SWE,FW,24-186,15.6,12,42,22,52.4,2.7,1.41,0.24,0.45,13.7,0,2,2,10.9,9.4,0.23,1.1,0.6,Newcastle Utd
806,Sven Botman,nl NED,DF,24-073,15.3,2,10,2,20.0,0.65,0.13,0.2,1.0,10.5,0,0,0,0.6,0.6,0.06,1.4,1.4,Newcastle Utd
807,Nick Pope,eng ENG,GK,31-341,13.9,0,1,0,0.0,0.07,0.0,0.0,,14.3,0,0,0,0.0,0.0,0.03,0.0,0.0,Newcastle Utd
808,Lewis Miley,eng ENG,MF,17-329,13.4,1,13,3,23.1,0.97,0.22,0.08,0.33,15.4,0,0,0,1.2,1.2,0.1,-0.2,-0.2,Newcastle Utd
809,Joelinton,br BRA,"MF,FW",27-224,12.6,2,15,5,33.3,1.19,0.4,0.13,0.4,16.0,0,0,0,2.3,2.3,0.15,-0.3,-0.3,Newcastle Utd
810,Martin Dúbravka,sk SVK,GK,35-070,13.1,0,0,0,,0.0,0.0,,,,0,0,0,0.0,0.0,,0.0,0.0,Newcastle Utd
811,Jamaal Lascelles,eng ENG,DF,30-135,11.8,1,6,1,16.7,0.51,0.08,0.17,1.0,9.3,0,0,0,0.7,0.7,0.12,0.3,0.3,Newcastle Utd
812,Valentino Livramento,eng ENG,DF,21-134,10.8,1,3,1,33.3,0.28,0.09,0.33,1.0,13.1,0,0,0,0.3,0.3,0.09,0.7,0.7,Newcastle Utd
813,Callum Wilson,eng ENG,FW,32-027,9.6,7,29,15,51.7,3.03,1.57,0.17,0.33,12.2,0,2,2,7.2,5.7,0.2,-0.2,-0.7,Newcastle Utd
814,Sandro Tonali,it ITA,MF,23-322,4.9,1,3,2,66.7,0.62,0.41,0.33,0.5,15.8,0,0,0,0.7,0.7,0.22,0.3,0.3,Newcastle Utd
815,Jacob Murphy,eng ENG,FW,29-030,5.3,2,15,5,33.3,2.84,0.95,0.13,0.4,18.9,0,0,0,0.9,0.9,0.06,1.1,1.1,Newcastle Utd
816,Elliot Anderson,sct SCO,"MF,FW",21-140,4.8,0,7,2,28.6,1.45,0.41,0.0,0.0,14.0,0,0,0,0.7,0.7,0.1,-0.7,-0.7,Newcastle Utd
817,Harvey Barnes,eng ENG,FW,26-107,4.0,2,12,4,33.3,3.0,1.0,0.17,0.5,19.7,0,0,0,1.2,1.2,0.1,0.8,0.8,Newcastle Utd
818,Joe Willock,eng ENG,MF,24-218,3.4,1,4,2,50.0,1.18,0.59,0.25,0.5,6.3,0,0,0,0.7,0.7,0.16,0.3,0.3,Newcastle Utd
819,Lewis Hall,eng ENG,DF,19-199,1.2,0,1,1,100.0,0.81,0.81,0.0,0.0,20.2,0,0,0,0.0,0.0,0.02,0.0,0.0,Newcastle Utd
820,Loris Karius,de GER,GK,30-277,1.0,0,0,0,,0.0,0.0,,,,0,0,0,0.0,0.0,,0.0,0.0,Newcastle Utd
821,Matt Targett,eng ENG,DF,28-189,0.9,0,0,0,,0.0,0.0,,,,0,0,0,0.0,0.0,,0.0,0.0,Newcastle Utd
822,Matt Ritchie,sct SCO,FW,34-197,1.2,1,5,3,60.0,4.13,2.48,0.2,0.33,11.9,0,0,0,0.8,0.8,0.16,0.2,0.2,Newcastle Utd
823,Emil Krafth,se SWE,DF,29-236,1.2,0,1,0,0.0,0.83,0.0,0.0,,20.0,0,0,0,0.1,0.1,0.06,-0.1,-0.1,Newcastle Utd
824,Ben Parkinson,eng ENG,FW,19-015,0.3,0,0,0,,0.0,0.0,,,,0,0,0,0.0,0.0,,0.0,0.0,Newcastle Utd
825,Joe White,eng ENG,MF,21-176,0.1,0,0,0,,0.0,0.0,,,,0,0,0,0.0,0.0,,0.0,0.0,Newcastle Utd
826,Paul Dummett,wls WAL,DF,32-181,0.1,0,0,0,,0.0,0.0,,,,0,0,0,0.0,0.0,,0.0,0.0,Newcastle Utd
827,Alex Murphy,ie IRL,"FW,DF",19-274,0.0,0,0,0,,0.0,0.0,,,,0,0,0,0.0,0.0,,0.0,0.0,Newcastle Utd
828,Amadou Diallo,eng ENG,MF,21-039,0.0,0,0,0,,0.0,0.0,,,,0,0,0,0.0,0.0,,0.0,0.0,Newcastle Utd
829,Michael Ndiweni,eng ENG,FW,20-114,0.0,0,0,0,,0.0,0.0,,,,0,0,0,0.0,0.0,,0.0,0.0,Newcastle Utd
